dtc_node_idx,dtc_code,rank,connector_idx,connector_name,score
1,C110417,1,1358,INNER_PTC_HV_JB,0.011078551411628723
1,C110417,2,1359,SBM_1,-0.060259461402893066
1,C110417,3,1341,EPB_ACRT_RR,-0.25243306159973145
1,C110417,4,1332,EPB_ACTR_RL,-0.2540086507797241
1,C110417,5,1510,SBM_2,-0.31879299879074097
1,C110417,6,1406,CC_EPB_ACTR_RR,-0.36943793296813965
1,C110417,7,1427,FRME_FLRS11 / FLRS_FRME12,-0.435444712638855
1,C110417,8,1597,CC_EPB_ACTR_RL,-0.44496771693229675
1,C110417,9,1336,FLRS_MAIN11 / MAIN_FLRS12,-0.48444855213165283
1,C110417,10,1366,VPC_K,-0.607670783996582
2,C110516,1,1358,INNER_PTC_HV_JB,0.2503407299518585
2,C110516,2,1341,EPB_ACRT_RR,0.21771416068077087
2,C110516,3,1332,EPB_ACTR_RL,0.2166024148464203
2,C110516,4,1359,SBM_1,0.11145126819610596
2,C110516,5,1406,CC_EPB_ACTR_RR,0.10775861144065857
2,C110516,6,1427,FRME_FLRS11 / FLRS_FRME12,0.04751136898994446
2,C110516,7,1597,CC_EPB_ACTR_RL,0.03930419683456421
2,C110516,8,1336,FLRS_MAIN11 / MAIN_FLRS12,-0.0020240694284439087
2,C110516,9,1330,WHEEL_SNSR_FL,-0.123147152364254
2,C110516,10,1510,SBM_2,-0.13209640979766846
3,C112811,1,1341,EPB_ACRT_RR,0.4066288471221924
3,C112811,2,1332,EPB_ACTR_RL,0.4055631458759308
3,C112811,3,1358,INNER_PTC_HV_JB,0.36754703521728516
3,C112811,4,1406,CC_EPB_ACTR_RR,0.3021639585494995
3,C112811,5,1359,SBM_1,0.2630389928817749
3,C112811,6,1427,FRME_FLRS11 / FLRS_FRME12,0.2445850372314453
3,C112811,7,1597,CC_EPB_ACTR_RL,0.23686444759368896
3,C112811,8,1336,FLRS_MAIN11 / MAIN_FLRS12,0.2064427137374878
3,C112811,9,1330,WHEEL_SNSR_FL,0.09046021103858948
3,C112811,10,1331,WHEEL_SNSR_FR,0.07252952456474304
4,C112911,1,1341,EPB_ACRT_RR,0.391519695520401
4,C112911,2,1332,EPB_ACTR_RL,0.39044469594955444
4,C112911,3,1358,INNER_PTC_HV_JB,0.3549673557281494
4,C112911,4,1406,CC_EPB_ACTR_RR,0.287272572517395
4,C112911,5,1359,SBM_1,0.24940216541290283
4,C112911,6,1427,FRME_FLRS11 / FLRS_FRME12,0.2298106551170349
4,C112911,7,1597,CC_EPB_ACTR_RL,0.2220875322818756
4,C112911,8,1336,FLRS_MAIN11 / MAIN_FLRS12,0.1913418173789978
4,C112911,9,1330,WHEEL_SNSR_FL,0.07553794980049133
4,C112911,10,1331,WHEEL_SNSR_FR,0.057621270418167114
5,C11311C,1,1358,INNER_PTC_HV_JB,0.28562474250793457
5,C11311C,2,1359,SBM_1,0.26688748598098755
5,C11311C,3,1341,EPB_ACRT_RR,0.09852412343025208
5,C11311C,4,1332,EPB_ACTR_RL,0.09736895561218262
5,C11311C,5,1510,SBM_2,0.012590721249580383
5,C11311C,6,1406,CC_EPB_ACTR_RR,-0.01616773009300232
5,C11311C,7,1427,FRME_FLRS11 / FLRS_FRME12,-0.08048555254936218
5,C11311C,8,1597,CC_EPB_ACTR_RL,-0.08899512887001038
5,C11311C,9,1336,FLRS_MAIN11 / MAIN_FLRS12,-0.102018803358078
5,C11311C,10,1330,WHEEL_SNSR_FL,-0.224634051322937
6,C133A00,1,1341,EPB_ACRT_RR,0.9475295543670654
6,C133A00,2,1332,EPB_ACTR_RL,0.9467460513114929
6,C133A00,3,1406,CC_EPB_ACTR_RR,0.832564651966095
6,C133A00,4,1427,FRME_FLRS11 / FLRS_FRME12,0.7712438106536865
6,C133A00,5,1597,CC_EPB_ACTR_RL,0.7636542320251465
6,C133A00,6,1336,FLRS_MAIN11 / MAIN_FLRS12,0.701335608959198
6,C133A00,7,1358,INNER_PTC_HV_JB,0.5789533853530884
6,C133A00,8,1330,WHEEL_SNSR_FL,0.574904203414917
6,C133A00,9,1366,VPC_K,0.5578823089599609
6,C133A00,10,1331,WHEEL_SNSR_FR,0.5562861561775208
7,C133B00,1,1341,EPB_ACRT_RR,1.1327104568481445
7,C133B00,2,1332,EPB_ACTR_RL,1.1320743560791016
7,C133B00,3,1406,CC_EPB_ACTR_RR,1.0183717012405396
7,C133B00,4,1427,FRME_FLRS11 / FLRS_FRME12,0.9577671885490417
7,C133B00,5,1597,CC_EPB_ACTR_RL,0.9505058526992798
7,C133B00,6,1336,FLRS_MAIN11 / MAIN_FLRS12,0.8891140818595886
7,C133B00,7,1330,WHEEL_SNSR_FL,0.7634297609329224
7,C133B00,8,1331,WHEEL_SNSR_FR,0.7452574372291565
7,C133B00,9,1366,VPC_K,0.7385975122451782
7,C133B00,10,1358,INNER_PTC_HV_JB,0.6978918313980103
8,C133C00,1,1341,EPB_ACRT_RR,1.1856284141540527
8,C133C00,2,1332,EPB_ACTR_RL,1.1850296258926392
8,C133C00,3,1406,CC_EPB_ACTR_RR,1.0715506076812744
8,C133C00,4,1427,FRME_FLRS11 / FLRS_FRME12,1.0111958980560303
8,C133C00,5,1597,CC_EPB_ACTR_RL,1.0040407180786133
8,C133C00,6,1336,FLRS_MAIN11 / MAIN_FLRS12,0.9437816143035889
8,C133C00,7,1330,WHEEL_SNSR_FL,0.8185189366340637
8,C133C00,8,1331,WHEEL_SNSR_FR,0.8004988431930542
8,C133C00,9,1366,VPC_K,0.7909215092658997
8,C133C00,10,1358,INNER_PTC_HV_JB,0.7337711453437805
9,C133D00,1,1341,EPB_ACRT_RR,1.1706349849700928
9,C133D00,2,1332,EPB_ACTR_RL,1.1700282096862793
9,C133D00,3,1406,CC_EPB_ACTR_RR,1.0566326379776
9,C133D00,4,1427,FRME_FLRS11 / FLRS_FRME12,0.9962718486785889
9,C133D00,5,1597,CC_EPB_ACTR_RL,0.9891012907028198
9,C133D00,6,1336,FLRS_MAIN11 / MAIN_FLRS12,0.9289539456367493
9,C133D00,7,1330,WHEEL_SNSR_FL,0.8037501573562622
9,C133D00,8,1331,WHEEL_SNSR_FR,0.7857173085212708
9,C133D00,9,1366,VPC_K,0.7766991257667542
9,C133D00,10,1358,INNER_PTC_HV_JB,0.7246021032333374
10,C134A00,1,1341,EPB_ACRT_RR,1.167771339416504
10,C134A00,2,1332,EPB_ACTR_RL,1.1671643257141113
10,C134A00,3,1406,CC_EPB_ACTR_RR,1.0536091327667236
10,C134A00,4,1427,FRME_FLRS11 / FLRS_FRME12,0.9931389093399048
10,C134A00,5,1597,CC_EPB_ACTR_RL,0.9859528541564941
10,C134A00,6,1336,FLRS_MAIN11 / MAIN_FLRS12,0.9255849719047546
10,C134A00,7,1330,WHEEL_SNSR_FL,0.8001915216445923
10,C134A00,8,1331,WHEEL_SNSR_FR,0.782124936580658
10,C134A00,9,1366,VPC_K,0.7732517719268799
10,C134A00,10,1358,INNER_PTC_HV_JB,0.7232591509819031
11,C134B00,1,1341,EPB_ACRT_RR,1.0381006002426147
11,C134B00,2,1332,EPB_ACTR_RL,1.037387490272522
11,C134B00,3,1406,CC_EPB_ACTR_RR,0.9233856797218323
11,C134B00,4,1427,FRME_FLRS11 / FLRS_FRME12,0.8624122142791748
11,C134B00,5,1597,CC_EPB_ACTR_RL,0.8549853563308716
11,C134B00,6,1336,FLRS_MAIN11 / MAIN_FLRS12,0.7937518358230591
11,C134B00,7,1330,WHEEL_SNSR_FL,0.6677642464637756
11,C134B00,8,1331,WHEEL_SNSR_FR,0.6493654847145081
11,C134B00,9,1366,VPC_K,0.6464623808860779
11,C134B00,10,1358,INNER_PTC_HV_JB,0.6380164623260498
12,C134C00,1,1358,INNER_PTC_HV_JB,-0.4048328995704651
12,C134C00,2,1341,EPB_ACRT_RR,-0.5589219927787781
12,C134C00,3,1332,EPB_ACTR_RL,-0.5609148740768433
12,C134C00,4,1406,CC_EPB_ACTR_RR,-0.6799197793006897
12,C134C00,5,1359,SBM_1,-0.6818588972091675
12,C134C00,6,1427,FRME_FLRS11 / FLRS_FRME12,-0.7474226355552673
12,C134C00,7,1597,CC_EPB_ACTR_RL,-0.7578257918357849
12,C134C00,8,1336,FLRS_MAIN11 / MAIN_FLRS12,-0.8340237140655518
12,C134C00,9,1366,VPC_K,-0.9193367958068848
12,C134C00,10,1510,SBM_2,-0.9498914480209351
13,C134D00,1,1358,INNER_PTC_HV_JB,-0.7104707956314087
13,C134D00,2,1359,SBM_1,-0.9666650891304016
13,C134D00,3,1341,EPB_ACRT_RR,-1.0261248350143433
13,C134D00,4,1332,EPB_ACTR_RL,-1.0284916162490845
13,C134D00,5,1406,CC_EPB_ACTR_RR,-1.149578332901001
13,C134D00,6,1427,FRME_FLRS11 / FLRS_FRME12,-1.2193548679351807
13,C134D00,7,1597,CC_EPB_ACTR_RL,-1.2306649684906006
13,C134D00,8,1510,SBM_2,-1.2390316724777222
13,C134D00,9,1336,FLRS_MAIN11 / MAIN_FLRS12,-1.3112362623214722
13,C134D00,10,1366,VPC_K,-1.3795726299285889
14,C136231,1,1341,EPB_ACRT_RR,0.5801648497581482
14,C136231,2,1332,EPB_ACTR_RL,0.579336941242218
14,C136231,3,1358,INNER_PTC_HV_JB,0.511124849319458
14,C136231,4,1406,CC_EPB_ACTR_RR,0.46407073736190796
14,C136231,5,1427,FRME_FLRS11 / FLRS_FRME12,0.4003360867500305
14,C136231,6,1597,CC_EPB_ACTR_RL,0.39252352714538574
14,C136231,7,1359,SBM_1,0.38614436984062195
14,C136231,8,1336,FLRS_MAIN11 / MAIN_FLRS12,0.3751072883605957
14,C136231,9,1330,WHEEL_SNSR_FL,0.25187191367149353
14,C136231,10,1331,WHEEL_SNSR_FR,0.23302632570266724
16,C136896,1,1341,EPB_ACRT_RR,0.5921461582183838
16,C136896,2,1332,EPB_ACTR_RL,0.5914168357849121
16,C136896,3,1358,INNER_PTC_HV_JB,0.5031676292419434
16,C136896,4,1406,CC_EPB_ACTR_RR,0.49777883291244507
16,C136896,5,1427,FRME_FLRS11 / FLRS_FRME12,0.4459686279296875
16,C136896,6,1597,CC_EPB_ACTR_RL,0.4394437372684479
16,C136896,7,1336,FLRS_MAIN11 / MAIN_FLRS12,0.4131608009338379
16,C136896,8,1359,SBM_1,0.39683377742767334
16,C136896,9,1330,WHEEL_SNSR_FL,0.3089924454689026
16,C136896,10,1331,WHEEL_SNSR_FR,0.29335179924964905
18,C136996,1,1341,EPB_ACRT_RR,0.7515522241592407
18,C136996,2,1332,EPB_ACTR_RL,0.7509555220603943
18,C136996,3,1406,CC_EPB_ACTR_RR,0.6583117842674255
18,C136996,4,1358,INNER_PTC_HV_JB,0.6076176166534424
18,C136996,5,1427,FRME_FLRS11 / FLRS_FRME12,0.6074070930480957
18,C136996,6,1597,CC_EPB_ACTR_RL,0.6012221574783325
18,C136996,7,1336,FLRS_MAIN11 / MAIN_FLRS12,0.5768120884895325
18,C136996,8,1359,SBM_1,0.4946354329586029
18,C136996,9,1330,WHEEL_SNSR_FL,0.474162757396698
18,C136996,10,1331,WHEEL_SNSR_FR,0.4590267837047577
20,C136A96,1,1358,INNER_PTC_HV_JB,-0.3469763994216919
20,C136A96,2,1359,SBM_1,-0.3965836465358734
20,C136A96,3,1510,SBM_2,-0.6161211729049683
20,C136A96,4,1341,EPB_ACRT_RR,-0.7051657438278198
20,C136A96,5,1332,EPB_ACTR_RL,-0.7069346904754639
20,C136A96,6,1406,CC_EPB_ACTR_RR,-0.8049224615097046
20,C136A96,7,1427,FRME_FLRS11 / FLRS_FRME12,-0.8622219562530518
20,C136A96,8,1597,CC_EPB_ACTR_RL,-0.8711802959442139
20,C136A96,9,1336,FLRS_MAIN11 / MAIN_FLRS12,-0.9097140431404114
20,C136A96,10,1540,MAIN POWER,-0.9514226913452148
22,C136B96,1,1341,EPB_ACRT_RR,0.8043992519378662
22,C136B96,2,1332,EPB_ACTR_RL,0.80384361743927
22,C136B96,3,1406,CC_EPB_ACTR_RR,0.7114683389663696
22,C136B96,4,1427,FRME_FLRS11 / FLRS_FRME12,0.660842776298523
22,C136B96,5,1597,CC_EPB_ACTR_RL,0.6547632813453674
22,C136B96,6,1358,INNER_PTC_HV_JB,0.6401098966598511
22,C136B96,7,1336,FLRS_MAIN11 / MAIN_FLRS12,0.6304629445075989
22,C136B96,8,1330,WHEEL_SNSR_FL,0.5281181335449219
22,C136B96,9,1359,SBM_1,0.522747814655304
22,C136B96,10,1331,WHEEL_SNSR_FR,0.5131349563598633
24,C137096,1,1341,EPB_ACRT_RR,0.7635549902915955
24,C137096,2,1332,EPB_ACTR_RL,0.7629684805870056
24,C137096,3,1406,CC_EPB_ACTR_RR,0.6704824566841125
24,C137096,4,1427,FRME_FLRS11 / FLRS_FRME12,0.6197146773338318
24,C137096,5,1358,INNER_PTC_HV_JB,0.614686131477356
24,C137096,6,1597,CC_EPB_ACTR_RL,0.6135594248771667
24,C137096,7,1336,FLRS_MAIN11 / MAIN_FLRS12,0.5891364812850952
24,C137096,8,1359,SBM_1,0.5008875131607056
24,C137096,9,1330,WHEEL_SNSR_FL,0.4865860342979431
24,C137096,10,1331,WHEEL_SNSR_FR,0.4715021848678589
26,C137196,1,1341,EPB_ACRT_RR,0.840570330619812
26,C137196,2,1332,EPB_ACTR_RL,0.8400346636772156
26,C137196,3,1406,CC_EPB_ACTR_RR,0.747568666934967
26,C137196,4,1427,FRME_FLRS11 / FLRS_FRME12,0.6969882845878601
26,C137196,5,1597,CC_EPB_ACTR_RL,0.690952479839325
26,C137196,6,1336,FLRS_MAIN11 / MAIN_FLRS12,0.6669315099716187
26,C137196,7,1358,INNER_PTC_HV_JB,0.6646487712860107
26,C137196,8,1330,WHEEL_SNSR_FL,0.5645442008972168
26,C137196,9,1331,WHEEL_SNSR_FR,0.5496103167533875
26,C137196,10,1359,SBM_1,0.5462396144866943
28,C137296,1,1341,EPB_ACRT_RR,0.8266236186027527
28,C137296,2,1332,EPB_ACTR_RL,0.8260897994041443
28,C137296,3,1406,CC_EPB_ACTR_RR,0.7337901592254639
28,C137296,4,1427,FRME_FLRS11 / FLRS_FRME12,0.6832572817802429
28,C137296,5,1597,CC_EPB_ACTR_RL,0.6772242784500122
28,C137296,6,1358,INNER_PTC_HV_JB,0.6568299531936646
28,C137296,7,1336,FLRS_MAIN11 / MAIN_FLRS12,0.6536698937416077
28,C137296,8,1330,WHEEL_SNSR_FL,0.5514850616455078
28,C137296,9,1359,SBM_1,0.5412774085998535
28,C137296,10,1331,WHEEL_SNSR_FR,0.5365639925003052
30,C137396,1,1341,EPB_ACRT_RR,0.8795027136802673
30,C137396,2,1332,EPB_ACTR_RL,0.8790082931518555
30,C137396,3,1406,CC_EPB_ACTR_RR,0.7867706418037415
30,C137396,4,1427,FRME_FLRS11 / FLRS_FRME12,0.7364044189453125
30,C137396,5,1597,CC_EPB_ACTR_RL,0.7304614186286926
30,C137396,6,1336,FLRS_MAIN11 / MAIN_FLRS12,0.7073456048965454
30,C137396,7,1358,INNER_PTC_HV_JB,0.6910934448242188
30,C137396,8,1330,WHEEL_SNSR_FL,0.6053747534751892
30,C137396,9,1331,WHEEL_SNSR_FR,0.590572714805603
30,C137396,10,1359,SBM_1,0.572575569152832
32,C137496,1,1341,EPB_ACRT_RR,0.6695752739906311
32,C137496,2,1332,EPB_ACTR_RL,0.6689091324806213
32,C137496,3,1406,CC_EPB_ACTR_RR,0.5757081508636475
32,C137496,4,1358,INNER_PTC_HV_JB,0.552990198135376
32,C137496,5,1427,FRME_FLRS11 / FLRS_FRME12,0.5243470668792725
32,C137496,6,1597,CC_EPB_ACTR_RL,0.5179898738861084
32,C137496,7,1336,FLRS_MAIN11 / MAIN_FLRS12,0.4927859902381897
32,C137496,8,1359,SBM_1,0.44281718134880066
32,C137496,9,1330,WHEEL_SNSR_FL,0.38944485783576965
32,C137496,10,1331,WHEEL_SNSR_FR,0.37405604124069214
34,C137596,1,1341,EPB_ACRT_RR,0.9251176714897156
34,C137596,2,1332,EPB_ACTR_RL,0.9246549010276794
34,C137596,3,1406,CC_EPB_ACTR_RR,0.8328201770782471
34,C137596,4,1427,FRME_FLRS11 / FLRS_FRME12,0.7828183770179749
34,C137596,5,1597,CC_EPB_ACTR_RL,0.7769759893417358
34,C137596,6,1336,FLRS_MAIN11 / MAIN_FLRS12,0.7542392611503601
34,C137596,7,1358,INNER_PTC_HV_JB,0.7196686863899231
34,C137596,8,1330,WHEEL_SNSR_FL,0.6527933478355408
34,C137596,9,1331,WHEEL_SNSR_FR,0.6381502151489258
34,C137596,10,1366,VPC_K,0.6037543416023254
36,C137696,1,1358,INNER_PTC_HV_JB,-0.29189783334732056
36,C137696,2,1359,SBM_1,-0.3481399118900299
36,C137696,3,1510,SBM_2,-0.5662176012992859
36,C137696,4,1341,EPB_ACRT_RR,-0.6177555918693542
36,C137696,5,1332,EPB_ACTR_RL,-0.6194663047790527
36,C137696,6,1406,CC_EPB_ACTR_RR,-0.7167839407920837
36,C137696,7,1427,FRME_FLRS11 / FLRS_FRME12,-0.7734643816947937
36,C137696,8,1597,CC_EPB_ACTR_RL,-0.7822507619857788
36,C137696,9,1336,FLRS_MAIN11 / MAIN_FLRS12,-0.8209107518196106
36,C137696,10,1540,MAIN POWER,-0.8915269374847412
38,C137796,1,1341,EPB_ACRT_RR,0.9160953760147095
38,C137796,2,1332,EPB_ACTR_RL,0.9156253337860107
38,C137796,3,1406,CC_EPB_ACTR_RR,0.8237928152084351
38,C137796,4,1427,FRME_FLRS11 / FLRS_FRME12,0.7737307548522949
38,C137796,5,1597,CC_EPB_ACTR_RL,0.7678688168525696
38,C137796,6,1336,FLRS_MAIN11 / MAIN_FLRS12,0.7447896599769592
38,C137796,7,1358,INNER_PTC_HV_JB,0.7144371271133423
38,C137796,8,1330,WHEEL_SNSR_FL,0.643187403678894
38,C137796,9,1331,WHEEL_SNSR_FR,0.6285178065299988
38,C137796,10,1366,VPC_K,0.5946499109268188
40,C137B00,1,1341,EPB_ACRT_RR,1.019159197807312
40,C137B00,2,1332,EPB_ACTR_RL,1.0184320211410522
40,C137B00,3,1406,CC_EPB_ACTR_RR,0.9041165709495544
40,C137B00,4,1427,FRME_FLRS11 / FLRS_FRME12,0.8428511023521423
40,C137B00,5,1597,CC_EPB_ACTR_RL,0.8353652358055115
40,C137B00,6,1336,FLRS_MAIN11 / MAIN_FLRS12,0.7735410928726196
40,C137B00,7,1330,WHEEL_SNSR_FL,0.6470764875411987
40,C137B00,8,1331,WHEEL_SNSR_FR,0.628574788570404
40,C137B00,9,1366,VPC_K,0.6268324851989746
40,C137B00,10,1358,INNER_PTC_HV_JB,0.6260174512863159
41,C137C00,1,1341,EPB_ACRT_RR,0.8555289506912231
41,C137C00,2,1332,EPB_ACTR_RL,0.8546608686447144
41,C137C00,3,1406,CC_EPB_ACTR_RR,0.739676833152771
41,C137C00,4,1427,FRME_FLRS11 / FLRS_FRME12,0.6777054667472839
41,C137C00,5,1597,CC_EPB_ACTR_RL,0.6699070930480957
41,C137C00,6,1336,FLRS_MAIN11 / MAIN_FLRS12,0.6071547269821167
41,C137C00,7,1358,INNER_PTC_HV_JB,0.5207903385162354
41,C137C00,8,1330,WHEEL_SNSR_FL,0.4797816872596741
41,C137C00,9,1366,VPC_K,0.466214656829834
41,C137C00,10,1331,WHEEL_SNSR_FR,0.46083927154541016
42,C137D00,1,1341,EPB_ACRT_RR,0.8659600019454956
42,C137D00,2,1332,EPB_ACTR_RL,0.8651069402694702
42,C137D00,3,1406,CC_EPB_ACTR_RR,0.7502950429916382
42,C137D00,4,1427,FRME_FLRS11 / FLRS_FRME12,0.6884822845458984
42,C137D00,5,1597,CC_EPB_ACTR_RL,0.6807075142860413
42,C137D00,6,1336,FLRS_MAIN11 / MAIN_FLRS12,0.6173936724662781
42,C137D00,7,1358,INNER_PTC_HV_JB,0.5253043174743652
42,C137D00,8,1330,WHEEL_SNSR_FL,0.49005913734436035
42,C137D00,9,1366,VPC_K,0.4764266610145569
42,C137D00,10,1331,WHEEL_SNSR_FR,0.47115999460220337
43,C138A00,1,1358,INNER_PTC_HV_JB,-0.24796441197395325
43,C138A00,2,1341,EPB_ACRT_RR,-0.3192920684814453
43,C138A00,3,1332,EPB_ACTR_RL,-0.32109421491622925
43,C138A00,4,1406,CC_EPB_ACTR_RR,-0.4400053322315216
43,C138A00,5,1427,FRME_FLRS11 / FLRS_FRME12,-0.5068714022636414
43,C138A00,6,1597,CC_EPB_ACTR_RL,-0.516867995262146
43,C138A00,7,1359,SBM_1,-0.5359269380569458
43,C138A00,8,1336,FLRS_MAIN11 / MAIN_FLRS12,-0.590560793876648
43,C138A00,9,1366,VPC_K,-0.6857697367668152
43,C138A00,10,1330,WHEEL_SNSR_FL,-0.7243180274963379
44,C138B00,1,1341,EPB_ACRT_RR,1.0578796863555908
44,C138B00,2,1332,EPB_ACTR_RL,1.0571807622909546
44,C138B00,3,1406,CC_EPB_ACTR_RR,0.9432554244995117
44,C138B00,4,1427,FRME_FLRS11 / FLRS_FRME12,0.8823439478874207
44,C138B00,5,1597,CC_EPB_ACTR_RL,0.8749486804008484
44,C138B00,6,1336,FLRS_MAIN11 / MAIN_FLRS12,0.8138183355331421
44,C138B00,7,1330,WHEEL_SNSR_FL,0.6878910064697266
44,C138B00,8,1331,WHEEL_SNSR_FR,0.669536292552948
44,C138B00,9,1366,VPC_K,0.6656701564788818
44,C138B00,10,1358,INNER_PTC_HV_JB,0.651841938495636
45,C138C00,1,1341,EPB_ACRT_RR,1.0812249183654785
45,C138C00,2,1332,EPB_ACTR_RL,1.0805485248565674
45,C138C00,3,1406,CC_EPB_ACTR_RR,0.9668042063713074
45,C138C00,4,1427,FRME_FLRS11 / FLRS_FRME12,0.9060301184654236
45,C138C00,5,1597,CC_EPB_ACTR_RL,0.8986884355545044
45,C138C00,6,1336,FLRS_MAIN11 / MAIN_FLRS12,0.8376965522766113
45,C138C00,7,1330,WHEEL_SNSR_FL,0.711988091468811
45,C138C00,8,1331,WHEEL_SNSR_FR,0.6937159895896912
45,C138C00,9,1366,VPC_K,0.6887391805648804
45,C138C00,10,1358,INNER_PTC_HV_JB,0.6670960783958435
46,C138D00,1,1341,EPB_ACRT_RR,1.0610122680664062
46,C138D00,2,1332,EPB_ACTR_RL,1.060322880744934
46,C138D00,3,1406,CC_EPB_ACTR_RR,0.9465615153312683
46,C138D00,4,1427,FRME_FLRS11 / FLRS_FRME12,0.8857730627059937
46,C138D00,5,1597,CC_EPB_ACTR_RL,0.8783994913101196
46,C138D00,6,1336,FLRS_MAIN11 / MAIN_FLRS12,0.8171367049217224
46,C138D00,7,1330,WHEEL_SNSR_FL,0.6913903951644897
46,C138D00,8,1331,WHEEL_SNSR_FR,0.6730772256851196
46,C138D00,9,1366,VPC_K,0.6692649722099304
46,C138D00,10,1358,INNER_PTC_HV_JB,0.65180903673172
47,C139846,1,1341,EPB_ACRT_RR,0.5921487212181091
47,C139846,2,1332,EPB_ACTR_RL,0.5913223624229431
47,C139846,3,1358,INNER_PTC_HV_JB,0.5174641609191895
47,C139846,4,1406,CC_EPB_ACTR_RR,0.476123571395874
47,C139846,5,1427,FRME_FLRS11 / FLRS_FRME12,0.4124477505683899
47,C139846,6,1597,CC_EPB_ACTR_RL,0.4046541452407837
47,C139846,7,1359,SBM_1,0.38993993401527405
47,C139846,8,1336,FLRS_MAIN11 / MAIN_FLRS12,0.38686060905456543
47,C139846,9,1330,WHEEL_SNSR_FL,0.26364749670028687
47,C139846,10,1331,WHEEL_SNSR_FR,0.24482586979866028
49,C139B00,1,1341,EPB_ACRT_RR,1.2348084449768066
49,C139B00,2,1332,EPB_ACTR_RL,1.2342537641525269
49,C139B00,3,1406,CC_EPB_ACTR_RR,1.1210217475891113
49,C139B00,4,1427,FRME_FLRS11 / FLRS_FRME12,1.0608811378479004
49,C139B00,5,1597,CC_EPB_ACTR_RL,1.0538251399993896
49,C139B00,6,1336,FLRS_MAIN11 / MAIN_FLRS12,0.9938614368438721
49,C139B00,7,1330,WHEEL_SNSR_FL,0.8689000606536865
49,C139B00,8,1331,WHEEL_SNSR_FR,0.8510192036628723
49,C139B00,9,1366,VPC_K,0.8392531871795654
49,C139B00,10,1358,INNER_PTC_HV_JB,0.7662380337715149
50,C139C00,1,1341,EPB_ACRT_RR,1.040299892425537
50,C139C00,2,1332,EPB_ACTR_RL,1.0395939350128174
50,C139C00,3,1406,CC_EPB_ACTR_RR,0.9255659580230713
50,C139C00,4,1427,FRME_FLRS11 / FLRS_FRME12,0.8645128011703491
50,C139C00,5,1597,CC_EPB_ACTR_RL,0.8570821285247803
50,C139C00,6,1336,FLRS_MAIN11 / MAIN_FLRS12,0.7953692674636841
50,C139C00,7,1330,WHEEL_SNSR_FL,0.6692318320274353
50,C139C00,8,1331,WHEEL_SNSR_FR,0.6508224606513977
50,C139C00,9,1366,VPC_K,0.6480842232704163
50,C139C00,10,1358,INNER_PTC_HV_JB,0.6403384208679199
51,C139D00,1,1358,INNER_PTC_HV_JB,-0.507942795753479
51,C139D00,2,1341,EPB_ACRT_RR,-0.7127851843833923
51,C139D00,3,1332,EPB_ACTR_RL,-0.7149023413658142
51,C139D00,4,1359,SBM_1,-0.779875636100769
51,C139D00,5,1406,CC_EPB_ACTR_RR,-0.8340625762939453
51,C139D00,6,1427,FRME_FLRS11 / FLRS_FRME12,-0.9020119905471802
51,C139D00,7,1597,CC_EPB_ACTR_RL,-0.912689208984375
51,C139D00,8,1336,FLRS_MAIN11 / MAIN_FLRS12,-0.9912735223770142
51,C139D00,9,1510,SBM_2,-1.0481411218643188
51,C139D00,10,1366,VPC_K,-1.0704164505004883
52,C152811,1,1341,EPB_ACRT_RR,0.34535714983940125
52,C152811,2,1332,EPB_ACTR_RL,0.3442421555519104
52,C152811,3,1358,INNER_PTC_HV_JB,0.32681548595428467
52,C152811,4,1406,CC_EPB_ACTR_RR,0.24032360315322876
52,C152811,5,1359,SBM_1,0.22418281435966492
52,C152811,6,1427,FRME_FLRS11 / FLRS_FRME12,0.18229898810386658
52,C152811,7,1597,CC_EPB_ACTR_RL,0.1744396686553955
52,C152811,8,1336,FLRS_MAIN11 / MAIN_FLRS12,0.14342370629310608
52,C152811,9,1330,WHEEL_SNSR_FL,0.02678501605987549
52,C152811,10,1331,WHEEL_SNSR_FR,0.008637219667434692
53,C152812,1,1358,INNER_PTC_HV_JB,-0.44729942083358765
53,C152812,2,1359,SBM_1,-0.5118051171302795
53,C152812,3,1510,SBM_2,-0.7474202513694763
53,C152812,4,1341,EPB_ACRT_RR,-0.8348413705825806
53,C152812,5,1332,EPB_ACTR_RL,-0.8369054794311523
53,C152812,6,1406,CC_EPB_ACTR_RR,-0.9417621493339539
53,C152812,7,1427,FRME_FLRS11 / FLRS_FRME12,-1.0036137104034424
53,C152812,8,1597,CC_EPB_ACTR_RL,-1.0135473012924194
53,C152812,9,1336,FLRS_MAIN11 / MAIN_FLRS12,-1.060213565826416
53,C152812,10,1540,MAIN POWER,-1.09663724899292
54,C153011,1,1341,EPB_ACRT_RR,0.3758450746536255
54,C153011,2,1332,EPB_ACTR_RL,0.37474989891052246
54,C153011,3,1358,INNER_PTC_HV_JB,0.34678345918655396
54,C153011,4,1406,CC_EPB_ACTR_RR,0.27124881744384766
54,C153011,5,1359,SBM_1,0.24417808651924133
54,C153011,6,1427,FRME_FLRS11 / FLRS_FRME12,0.21359360218048096
54,C153011,7,1597,CC_EPB_ACTR_RL,0.20581269264221191
54,C153011,8,1336,FLRS_MAIN11 / MAIN_FLRS12,0.1753416657447815
54,C153011,9,1330,WHEEL_SNSR_FL,0.059212639927864075
54,C153011,10,1331,WHEEL_SNSR_FR,0.0412030965089798
55,C153111,1,1358,INNER_PTC_HV_JB,0.2692822515964508
55,C153111,2,1341,EPB_ACRT_RR,0.25855162739753723
55,C153111,3,1332,EPB_ACTR_RL,0.25736042857170105
55,C153111,4,1359,SBM_1,0.17072594165802002
55,C153111,5,1406,CC_EPB_ACTR_RR,0.15302175283432007
55,C153111,6,1427,FRME_FLRS11 / FLRS_FRME12,0.09465515613555908
55,C153111,7,1597,CC_EPB_ACTR_RL,0.08662456274032593
55,C153111,8,1336,FLRS_MAIN11 / MAIN_FLRS12,0.054926127195358276
55,C153111,9,1330,WHEEL_SNSR_FL,-0.06227315962314606
55,C153111,10,1510,SBM_2,-0.0635545551776886
56,C160449,1,1358,INNER_PTC_HV_JB,-0.893756628036499
56,C160449,2,1359,SBM_1,-0.9253983497619629
56,C160449,3,1510,SBM_2,-1.1998491287231445
56,C160449,4,1371,ICCU_11kW,-1.495923638343811
56,C160449,5,1341,EPB_ACRT_RR,-1.566533088684082
56,C160449,6,1332,EPB_ACTR_RL,-1.5690865516662598
56,C160449,7,1540,MAIN POWER,-1.6533868312835693
56,C160449,8,1406,CC_EPB_ACTR_RR,-1.6917370557785034
56,C160449,9,1427,FRME_FLRS11 / FLRS_FRME12,-1.7645983695983887
56,C160449,10,1597,CC_EPB_ACTR_RL,-1.7764651775360107
57,C161487,1,1341,EPB_ACRT_RR,1.0247046947479248
57,C161487,2,1332,EPB_ACTR_RL,1.024090051651001
57,C161487,3,1406,CC_EPB_ACTR_RR,0.9220249056816101
57,C161487,4,1427,FRME_FLRS11 / FLRS_FRME12,0.8685998916625977
57,C161487,5,1597,CC_EPB_ACTR_RL,0.8619760870933533
57,C161487,6,1336,FLRS_MAIN11 / MAIN_FLRS12,0.8061713576316833
57,C161487,7,1330,WHEEL_SNSR_FL,0.691857099533081
57,C161487,8,1331,WHEEL_SNSR_FR,0.6754283308982849
57,C161487,9,1366,VPC_K,0.6653214693069458
57,C161487,10,1358,INNER_PTC_HV_JB,0.6524733304977417
58,C161688,1,1341,EPB_ACRT_RR,1.4630060195922852
58,C161688,2,1332,EPB_ACTR_RL,1.4627763032913208
58,C161688,3,1406,CC_EPB_ACTR_RR,1.345306634902954
58,C161688,4,1427,FRME_FLRS11 / FLRS_FRME12,1.281882643699646
58,C161688,5,1597,CC_EPB_ACTR_RL,1.2750604152679443
58,C161688,6,1336,FLRS_MAIN11 / MAIN_FLRS12,1.243947982788086
58,C161688,7,1330,WHEEL_SNSR_FL,1.1157491207122803
58,C161688,8,1331,WHEEL_SNSR_FR,1.0977745056152344
58,C161688,9,1358,INNER_PTC_HV_JB,1.0634247064590454
58,C161688,10,1366,VPC_K,1.0586400032043457
59,C161C86,1,1332,EPB_ACTR_RL,1.7808747291564941
59,C161C86,2,1341,EPB_ACRT_RR,1.7808030843734741
59,C161C86,3,1406,CC_EPB_ACTR_RR,1.6731593608856201
59,C161C86,4,1427,FRME_FLRS11 / FLRS_FRME12,1.616048812866211
59,C161C86,5,1597,CC_EPB_ACTR_RL,1.6104705333709717
59,C161C86,6,1336,FLRS_MAIN11 / MAIN_FLRS12,1.5909464359283447
59,C161C86,7,1330,WHEEL_SNSR_FL,1.474745512008667
59,C161C86,8,1331,WHEEL_SNSR_FR,1.4591469764709473
59,C161C86,9,1366,VPC_K,1.398384690284729
59,C161C86,10,1358,INNER_PTC_HV_JB,1.2755504846572876
60,C162587,1,1332,EPB_ACTR_RL,2.9718899726867676
60,C162587,2,1341,EPB_ACRT_RR,2.9709463119506836
60,C162587,3,1406,CC_EPB_ACTR_RR,2.8764781951904297
60,C162587,4,1427,FRME_FLRS11 / FLRS_FRME12,2.831271171569824
60,C162587,5,1597,CC_EPB_ACTR_RL,2.8283090591430664
60,C162587,6,1336,FLRS_MAIN11 / MAIN_FLRS12,2.7908012866973877
60,C162587,7,1330,WHEEL_SNSR_FL,2.6873795986175537
60,C162587,8,1331,WHEEL_SNSR_FR,2.6760592460632324
60,C162587,9,1366,VPC_K,2.575477123260498
60,C162587,10,1339,EBB,2.363086223602295
61,C162887,1,1332,EPB_ACTR_RL,3.2731165885925293
61,C162887,2,1341,EPB_ACRT_RR,3.271930456161499
61,C162887,3,1406,CC_EPB_ACTR_RR,3.179215908050537
61,C162887,4,1427,FRME_FLRS11 / FLRS_FRME12,3.1355648040771484
61,C162887,5,1597,CC_EPB_ACTR_RL,3.1331965923309326
61,C162887,6,1336,FLRS_MAIN11 / MAIN_FLRS12,3.0977511405944824
61,C162887,7,1330,WHEEL_SNSR_FL,2.996297836303711
61,C162887,8,1331,WHEEL_SNSR_FR,2.9858341217041016
61,C162887,9,1366,VPC_K,2.871553421020508
61,C162887,10,1367,FRNT_FPEM11 / FPRM_FRNT12,2.661243200302124
62,C163D00,1,1332,EPB_ACTR_RL,2.1699845790863037
62,C163D00,2,1341,EPB_ACRT_RR,2.1697449684143066
62,C163D00,3,1406,CC_EPB_ACTR_RR,2.0653786659240723
62,C163D00,4,1427,FRME_FLRS11 / FLRS_FRME12,2.011983871459961
62,C163D00,5,1597,CC_EPB_ACTR_RL,2.0070276260375977
62,C163D00,6,1336,FLRS_MAIN11 / MAIN_FLRS12,1.955496907234192
62,C163D00,7,1330,WHEEL_SNSR_FL,1.8402252197265625
62,C163D00,8,1331,WHEEL_SNSR_FR,1.8256064653396606
62,C163D00,9,1366,VPC_K,1.7684214115142822
62,C163D00,10,1339,EBB,1.5613527297973633
64,C165187,1,1341,EPB_ACRT_RR,1.0797091722488403
64,C165187,2,1332,EPB_ACTR_RL,1.079156517982483
64,C165187,3,1406,CC_EPB_ACTR_RR,0.9781363606452942
64,C165187,4,1427,FRME_FLRS11 / FLRS_FRME12,0.9254608154296875
64,C165187,5,1597,CC_EPB_ACTR_RL,0.9190168380737305
64,C165187,6,1336,FLRS_MAIN11 / MAIN_FLRS12,0.8637356758117676
64,C165187,7,1330,WHEEL_SNSR_FL,0.7507169246673584
64,C165187,8,1331,WHEEL_SNSR_FR,0.7346032857894897
64,C165187,9,1366,VPC_K,0.722091794013977
64,C165187,10,1358,INNER_PTC_HV_JB,0.6888417601585388
65,C165286,1,1332,EPB_ACTR_RL,2.062516212463379
65,C165286,2,1341,EPB_ACRT_RR,2.062221050262451
65,C165286,3,1406,CC_EPB_ACTR_RR,1.9561717510223389
65,C165286,4,1427,FRME_FLRS11 / FLRS_FRME12,1.9005053043365479
65,C165286,5,1597,CC_EPB_ACTR_RL,1.8954851627349854
65,C165286,6,1336,FLRS_MAIN11 / MAIN_FLRS12,1.8786579370498657
65,C165286,7,1330,WHEEL_SNSR_FL,1.764408826828003
65,C165286,8,1331,WHEEL_SNSR_FR,1.7496172189712524
65,C165286,9,1366,VPC_K,1.6756185293197632
65,C165286,10,1367,FRNT_FPEM11 / FPRM_FRNT12,1.490447759628296
66,C165686,1,1332,EPB_ACTR_RL,1.9415924549102783
66,C165686,2,1341,EPB_ACRT_RR,1.9413905143737793
66,C165686,3,1406,CC_EPB_ACTR_RR,1.8350930213928223
66,C165686,4,1427,FRME_FLRS11 / FLRS_FRME12,1.7790284156799316
66,C165686,5,1597,CC_EPB_ACTR_RL,1.7737994194030762
66,C165686,6,1336,FLRS_MAIN11 / MAIN_FLRS12,1.7558354139328003
66,C165686,7,1330,WHEEL_SNSR_FL,1.6411656141281128
66,C165686,8,1331,WHEEL_SNSR_FR,1.626098871231079
66,C165686,9,1366,VPC_K,1.5577270984649658
66,C165686,10,1358,INNER_PTC_HV_JB,1.3796775341033936
67,C165987,1,1332,EPB_ACTR_RL,3.0581722259521484
67,C165987,2,1341,EPB_ACRT_RR,3.0571603775024414
67,C165987,3,1406,CC_EPB_ACTR_RR,2.963806629180908
67,C165987,4,1427,FRME_FLRS11 / FLRS_FRME12,2.9194655418395996
67,C165987,5,1597,CC_EPB_ACTR_RL,2.916717052459717
67,C165987,6,1336,FLRS_MAIN11 / MAIN_FLRS12,2.879568099975586
67,C165987,7,1330,WHEEL_SNSR_FL,2.7773656845092773
67,C165987,8,1331,WHEEL_SNSR_FR,2.7663958072662354
67,C165987,9,1366,VPC_K,2.6618924140930176
67,C165987,10,1339,EBB,2.448559522628784
68,C166B87,1,1332,EPB_ACTR_RL,3.295651912689209
68,C166B87,2,1341,EPB_ACRT_RR,3.294442653656006
68,C166B87,3,1406,CC_EPB_ACTR_RR,3.2018022537231445
68,C166B87,4,1427,FRME_FLRS11 / FLRS_FRME12,3.1582818031311035
68,C166B87,5,1597,CC_EPB_ACTR_RL,3.1559667587280273
68,C166B87,6,1336,FLRS_MAIN11 / MAIN_FLRS12,3.1209535598754883
68,C166B87,7,1330,WHEEL_SNSR_FL,3.019643783569336
68,C166B87,8,1331,WHEEL_SNSR_FR,3.0092480182647705
68,C166B87,9,1366,VPC_K,2.89380145072937
68,C166B87,10,1367,FRNT_FPEM11 / FPRM_FRNT12,2.6846694946289062
69,C167186,1,1332,EPB_ACTR_RL,1.8715226650238037
69,C167186,2,1341,EPB_ACRT_RR,1.8713738918304443
69,C167186,3,1406,CC_EPB_ACTR_RR,1.7643754482269287
69,C167186,4,1427,FRME_FLRS11 / FLRS_FRME12,1.7077733278274536
69,C167186,5,1597,CC_EPB_ACTR_RL,1.702382206916809
69,C167186,6,1336,FLRS_MAIN11 / MAIN_FLRS12,1.6837387084960938
69,C167186,7,1330,WHEEL_SNSR_FL,1.5682570934295654
69,C167186,8,1331,WHEEL_SNSR_FR,1.5529372692108154
69,C167186,9,1366,VPC_K,1.4877264499664307
69,C167186,10,1358,INNER_PTC_HV_JB,1.3348325490951538
70,C168787,1,1332,EPB_ACTR_RL,3.235114097595215
70,C168787,2,1341,EPB_ACRT_RR,3.233956813812256
70,C168787,3,1406,CC_EPB_ACTR_RR,3.141172409057617
70,C168787,4,1427,FRME_FLRS11 / FLRS_FRME12,3.097440719604492
70,C168787,5,1597,CC_EPB_ACTR_RL,3.0950119495391846
70,C168787,6,1336,FLRS_MAIN11 / MAIN_FLRS12,3.059375524520874
70,C168787,7,1330,WHEEL_SNSR_FL,2.9578590393066406
70,C168787,8,1331,WHEEL_SNSR_FR,2.9473180770874023
70,C168787,9,1366,VPC_K,2.8348000049591064
70,C168787,10,1367,FRNT_FPEM11 / FPRM_FRNT12,2.6238021850585938
71,C168886,1,1332,EPB_ACTR_RL,2.106278896331787
71,C168886,2,1341,EPB_ACRT_RR,2.1059536933898926
71,C168886,3,1406,CC_EPB_ACTR_RR,1.9999533891677856
71,C168886,4,1427,FRME_FLRS11 / FLRS_FRME12,1.9443892240524292
71,C168886,5,1597,CC_EPB_ACTR_RL,1.9394365549087524
71,C168886,6,1336,FLRS_MAIN11 / MAIN_FLRS12,1.9230002164840698
71,C168886,7,1330,WHEEL_SNSR_FL,1.8088363409042358
71,C168886,8,1331,WHEEL_SNSR_FR,1.7941310405731201
71,C168886,9,1366,VPC_K,1.7179715633392334
71,C168886,10,1367,FRNT_FPEM11 / FPRM_FRNT12,1.5338943004608154
72,C169487,1,1332,EPB_ACTR_RL,3.153223991394043
72,C169487,2,1341,EPB_ACRT_RR,3.1521291732788086
72,C169487,3,1406,CC_EPB_ACTR_RR,3.0588901042938232
72,C169487,4,1427,FRME_FLRS11 / FLRS_FRME12,3.0147433280944824
72,C169487,5,1597,CC_EPB_ACTR_RL,3.0121541023254395
72,C169487,6,1336,FLRS_MAIN11 / MAIN_FLRS12,2.975933313369751
72,C169487,7,1330,WHEEL_SNSR_FL,2.8738975524902344
72,C169487,8,1331,WHEEL_SNSR_FR,2.8631274700164795
72,C169487,9,1366,VPC_K,2.7542686462402344
72,C169487,10,1367,FRNT_FPEM11 / FPRM_FRNT12,2.5411972999572754
74,C16B286,1,1358,INNER_PTC_HV_JB,0.25089961290359497
74,C16B286,2,1341,EPB_ACRT_RR,0.24036622047424316
74,C16B286,3,1332,EPB_ACTR_RL,0.23914098739624023
74,C16B286,4,1406,CC_EPB_ACTR_RR,0.1203000545501709
74,C16B286,5,1359,SBM_1,0.09871569275856018
74,C16B286,6,1427,FRME_FLRS11 / FLRS_FRME12,0.053714871406555176
74,C16B286,7,1597,CC_EPB_ACTR_RL,0.044859886169433594
74,C16B286,8,1336,FLRS_MAIN11 / MAIN_FLRS12,0.010564878582954407
74,C16B286,9,1330,WHEEL_SNSR_FL,-0.11917571723461151
74,C16B286,10,1366,VPC_K,-0.12648452818393707
75,C170246,1,1358,INNER_PTC_HV_JB,-0.6482728123664856
75,C170246,2,1359,SBM_1,-0.6937178373336792
75,C170246,3,1510,SBM_2,-0.9650729894638062
75,C170246,4,1341,EPB_ACRT_RR,-1.1933925151824951
75,C170246,5,1332,EPB_ACTR_RL,-1.195652961730957
75,C170246,6,1371,ICCU_11kW,-1.291374683380127
75,C170246,7,1406,CC_EPB_ACTR_RR,-1.3168655633926392
75,C170246,8,1427,FRME_FLRS11 / FLRS_FRME12,-1.3879426717758179
75,C170246,9,1540,MAIN POWER,-1.3960349559783936
75,C170246,10,1597,CC_EPB_ACTR_RL,-1.3990832567214966
76,C173900,1,1358,INNER_PTC_HV_JB,-0.4394042491912842
76,C173900,2,1341,EPB_ACRT_RR,-0.6157374978065491
76,C173900,3,1332,EPB_ACTR_RL,-0.617766797542572
76,C173900,4,1359,SBM_1,-0.7116941213607788
76,C173900,5,1406,CC_EPB_ACTR_RR,-0.7372590899467468
76,C173900,6,1427,FRME_FLRS11 / FLRS_FRME12,-0.805245578289032
76,C173900,7,1597,CC_EPB_ACTR_RL,-0.8157784938812256
76,C173900,8,1336,FLRS_MAIN11 / MAIN_FLRS12,-0.8925098180770874
76,C173900,9,1366,VPC_K,-0.9767739176750183
76,C173900,10,1510,SBM_2,-0.980811357498169
77,C175149,1,1358,INNER_PTC_HV_JB,0.30752137303352356
77,C175149,2,1341,EPB_ACRT_RR,0.2721883952617645
77,C175149,3,1332,EPB_ACTR_RL,0.2711114287376404
77,C175149,4,1359,SBM_1,0.19346684217453003
77,C175149,5,1406,CC_EPB_ACTR_RR,0.15462765097618103
77,C175149,6,1427,FRME_FLRS11 / FLRS_FRME12,0.08952122926712036
77,C175149,7,1597,CC_EPB_ACTR_RL,0.08111685514450073
77,C175149,8,1336,FLRS_MAIN11 / MAIN_FLRS12,0.06003439426422119
77,C175149,9,1330,WHEEL_SNSR_FL,-0.0651811957359314
77,C175149,10,1510,SBM_2,-0.06857669353485107
78,C181486,1,1358,INNER_PTC_HV_JB,-0.21811750531196594
78,C181486,2,1359,SBM_1,-0.3131904602050781
78,C181486,3,1341,EPB_ACRT_RR,-0.5017709136009216
78,C181486,4,1332,EPB_ACTR_RL,-0.503513753414154
78,C181486,5,1510,SBM_2,-0.5717219710350037
78,C181486,6,1406,CC_EPB_ACTR_RR,-0.6185191869735718
78,C181486,7,1427,FRME_FLRS11 / FLRS_FRME12,-0.685011625289917
78,C181486,8,1597,CC_EPB_ACTR_RL,-0.6948330402374268
78,C181486,9,1336,FLRS_MAIN11 / MAIN_FLRS12,-0.7358341217041016
78,C181486,10,1366,VPC_K,-0.8400115966796875
79,C181C87,1,1341,EPB_ACRT_RR,1.1759860515594482
79,C181C87,2,1332,EPB_ACTR_RL,1.1754974126815796
79,C181C87,3,1406,CC_EPB_ACTR_RR,1.0740419626235962
79,C181C87,4,1427,FRME_FLRS11 / FLRS_FRME12,1.0213985443115234
79,C181C87,5,1597,CC_EPB_ACTR_RL,1.015070915222168
79,C181C87,6,1336,FLRS_MAIN11 / MAIN_FLRS12,0.96063232421875
79,C181C87,7,1330,WHEEL_SNSR_FL,0.8473480939865112
79,C181C87,8,1331,WHEEL_SNSR_FR,0.8313445448875427
79,C181C87,9,1366,VPC_K,0.8144122958183289
79,C181C87,10,1358,INNER_PTC_HV_JB,0.7527717351913452
80,C183586,1,1332,EPB_ACTR_RL,1.775693416595459
80,C183586,2,1341,EPB_ACRT_RR,1.775620937347412
80,C183586,3,1406,CC_EPB_ACTR_RR,1.6682649850845337
80,C183586,4,1427,FRME_FLRS11 / FLRS_FRME12,1.611325740814209
80,C183586,5,1597,CC_EPB_ACTR_RL,1.6057730913162231
80,C183586,6,1336,FLRS_MAIN11 / MAIN_FLRS12,1.587010145187378
80,C183586,7,1330,WHEEL_SNSR_FL,1.4712305068969727
80,C183586,8,1331,WHEEL_SNSR_FR,1.4556889533996582
80,C183586,9,1366,VPC_K,1.3947292566299438
80,C183586,10,1358,INNER_PTC_HV_JB,1.2732000350952148
81,C183686,1,1341,EPB_ACRT_RR,1.6808557510375977
81,C183686,2,1332,EPB_ACTR_RL,1.6808457374572754
81,C183686,3,1406,CC_EPB_ACTR_RR,1.573146939277649
81,C183686,4,1427,FRME_FLRS11 / FLRS_FRME12,1.5158240795135498
81,C183686,5,1597,CC_EPB_ACTR_RL,1.5100841522216797
81,C183686,6,1336,FLRS_MAIN11 / MAIN_FLRS12,1.4899351596832275
81,C183686,7,1330,WHEEL_SNSR_FL,1.3736066818237305
81,C183686,8,1331,WHEEL_SNSR_FR,1.357810378074646
81,C183686,9,1366,VPC_K,1.301326036453247
81,C183686,10,1358,INNER_PTC_HV_JB,1.209562063217163
82,C224786,1,1358,INNER_PTC_HV_JB,-0.7447171807289124
82,C224786,2,1359,SBM_1,-0.8241567015647888
82,C224786,3,1510,SBM_2,-1.1007614135742188
82,C224786,4,1341,EPB_ACRT_RR,-1.287372350692749
82,C224786,5,1332,EPB_ACTR_RL,-1.2898058891296387
82,C224786,6,1406,CC_EPB_ACTR_RR,-1.4131274223327637
82,C224786,7,1371,ICCU_11kW,-1.4597887992858887
82,C224786,8,1427,FRME_FLRS11 / FLRS_FRME12,-1.4857913255691528
82,C224786,9,1597,CC_EPB_ACTR_RL,-1.4974582195281982
82,C224786,10,1540,MAIN POWER,-1.5074751377105713
83,C224986,1,1358,INNER_PTC_HV_JB,-0.9252126216888428
83,C224986,2,1359,SBM_1,-0.9930031299591064
83,C224986,3,1510,SBM_2,-1.2710105180740356
83,C224986,4,1341,EPB_ACRT_RR,-1.5620431900024414
83,C224986,5,1332,EPB_ACTR_RL,-1.5646991729736328
83,C224986,6,1371,ICCU_11kW,-1.6063265800476074
83,C224986,7,1406,CC_EPB_ACTR_RR,-1.688759446144104
83,C224986,8,1540,MAIN POWER,-1.6944494247436523
83,C224986,9,1427,FRME_FLRS11 / FLRS_FRME12,-1.7624499797821045
83,C224986,10,1597,CC_EPB_ACTR_RL,-1.7746282815933228
84,C225086,1,1341,EPB_ACRT_RR,0.5229400396347046
84,C225086,2,1332,EPB_ACTR_RL,0.521954357624054
84,C225086,3,1358,INNER_PTC_HV_JB,0.4373502731323242
84,C225086,4,1406,CC_EPB_ACTR_RR,0.4045918583869934
84,C225086,5,1427,FRME_FLRS11 / FLRS_FRME12,0.3394510746002197
84,C225086,6,1597,CC_EPB_ACTR_RL,0.33116763830184937
84,C225086,7,1336,FLRS_MAIN11 / MAIN_FLRS12,0.2996011972427368
84,C225086,8,1359,SBM_1,0.27394965291023254
84,C225086,9,1330,WHEEL_SNSR_FL,0.17193487286567688
84,C225086,10,1366,VPC_K,0.1523658037185669
85,C225186,1,1341,EPB_ACRT_RR,0.41050052642822266
85,C225186,2,1332,EPB_ACTR_RL,0.40942108631134033
85,C225186,3,1358,INNER_PTC_HV_JB,0.36332666873931885
85,C225186,4,1406,CC_EPB_ACTR_RR,0.29174286127090454
85,C225186,5,1427,FRME_FLRS11 / FLRS_FRME12,0.22615811228752136
85,C225186,6,1597,CC_EPB_ACTR_RL,0.2176682949066162
85,C225186,7,1359,SBM_1,0.20532378554344177
85,C225186,8,1336,FLRS_MAIN11 / MAIN_FLRS12,0.18514636158943176
85,C225186,9,1330,WHEEL_SNSR_FL,0.05689842998981476
85,C225186,10,1366,VPC_K,0.04188999533653259
86,C225286,1,1341,EPB_ACRT_RR,1.680219054222107
86,C225286,2,1332,EPB_ACTR_RL,1.6802058219909668
86,C225286,3,1406,CC_EPB_ACTR_RR,1.5723716020584106
86,C225286,4,1427,FRME_FLRS11 / FLRS_FRME12,1.5149779319763184
86,C225286,5,1597,CC_EPB_ACTR_RL,1.5092250108718872
86,C225286,6,1336,FLRS_MAIN11 / MAIN_FLRS12,1.4886391162872314
86,C225286,7,1330,WHEEL_SNSR_FL,1.372046709060669
86,C225286,8,1331,WHEEL_SNSR_FR,1.3562198877334595
86,C225286,9,1366,VPC_K,1.3001830577850342
86,C225286,10,1358,INNER_PTC_HV_JB,1.2085291147232056
87,C225387,1,1332,EPB_ACTR_RL,3.2821714878082275
87,C225387,2,1341,EPB_ACRT_RR,3.2809739112854004
87,C225387,3,1406,CC_EPB_ACTR_RR,3.1883041858673096
87,C225387,4,1427,FRME_FLRS11 / FLRS_FRME12,3.1447134017944336
87,C225387,5,1597,CC_EPB_ACTR_RL,3.142369270324707
87,C225387,6,1336,FLRS_MAIN11 / MAIN_FLRS12,3.107165813446045
87,C225387,7,1330,WHEEL_SNSR_FL,3.0058083534240723
87,C225387,8,1331,WHEEL_SNSR_FR,2.9953761100769043
87,C225387,9,1366,VPC_K,2.8805179595947266
87,C225387,10,1367,FRNT_FPEM11 / FPRM_FRNT12,2.6710145473480225
89,B120813,1,1359,SBM_1,1.3841028213500977
89,B120813,2,1510,SBM_2,1.2195693254470825
89,B120813,3,1371,ICCU_11kW,1.1244924068450928
89,B120813,4,1354,BMS_EXTN,0.994459867477417
89,B120813,5,1372,CCHR_FRNT11 / FRNT_CCHR12,0.8575515151023865
89,B120813,6,1358,INNER_PTC_HV_JB,0.854857861995697
89,B120813,7,1353,INNER_PTC_FRNT,0.6428896188735962
89,B120813,8,1379,ACU_A,0.5377966165542603
89,B120813,9,1393,BATT_SNSR,0.5311658382415771
89,B120813,10,1352,MAIN_ROOF11 / ROOF_MAIN12,0.4919174611568451
90,B120911,1,1359,SBM_1,0.3586497902870178
90,B120911,2,1510,SBM_2,0.14850546419620514
90,B120911,3,1371,ICCU_11kW,0.09129489958286285
90,B120911,4,1358,INNER_PTC_HV_JB,-0.19376830756664276
90,B120911,5,1372,CCHR_FRNT11 / FRNT_CCHR12,-0.2907031774520874
90,B120911,6,1354,BMS_EXTN,-0.41017580032348633
90,B120911,7,1540,MAIN POWER,-0.7815435528755188
90,B120911,8,1411,HP_PT_SNSR,-0.8504828810691833
90,B120911,9,1408,LP_PT_SNSR,-0.8537336587905884
90,B120911,10,1402,TGAT_TGEX21 / TGEX_TGAT22,-0.8664987683296204
91,B123311,1,1359,SBM_1,-0.6773961782455444
91,B123311,2,1371,ICCU_11kW,-0.802545964717865
91,B123311,3,1510,SBM_2,-0.8979566097259521
91,B123311,4,1372,CCHR_FRNT11 / FRNT_CCHR12,-1.2490183115005493
91,B123311,5,1358,INNER_PTC_HV_JB,-1.315093755722046
91,B123311,6,1411,HP_PT_SNSR,-1.6985845565795898
91,B123311,7,1408,LP_PT_SNSR,-1.7170473337173462
91,B123311,8,1354,BMS_EXTN,-1.7316429615020752
91,B123311,9,1412,APS,-1.7340056896209717
91,B123311,10,1410,RTS,-1.7650206089019775
92,B123413,1,1359,SBM_1,0.10939747095108032
92,B123413,2,1371,ICCU_11kW,0.015518218278884888
92,B123413,3,1510,SBM_2,-0.06973433494567871
92,B123413,4,1372,CCHR_FRNT11 / FRNT_CCHR12,-0.33387646079063416
92,B123413,5,1358,INNER_PTC_HV_JB,-0.5199226140975952
92,B123413,6,1354,BMS_EXTN,-0.6345381736755371
92,B123413,7,1411,HP_PT_SNSR,-0.7998872995376587
92,B123413,8,1408,LP_PT_SNSR,-0.8075913786888123
92,B123413,9,1412,APS,-0.8249448537826538
92,B123413,10,1410,RTS,-0.8471047282218933
93,B123711,1,1359,SBM_1,0.4680843651294708
93,B123711,2,1510,SBM_2,0.2606402039527893
93,B123711,3,1371,ICCU_11kW,0.18999595940113068
93,B123711,4,1358,INNER_PTC_HV_JB,-0.07511498034000397
93,B123711,5,1372,CCHR_FRNT11 / FRNT_CCHR12,-0.18244467675685883
93,B123711,6,1354,BMS_EXTN,-0.26584360003471375
93,B123711,7,1540,MAIN POWER,-0.6537413597106934
93,B123711,8,1402,TGAT_TGEX21 / TGEX_TGAT22,-0.7488558292388916
93,B123711,9,1411,HP_PT_SNSR,-0.7504024505615234
93,B123711,10,1408,LP_PT_SNSR,-0.7520272135734558
95,B124111,1,1359,SBM_1,0.4769521653652191
95,B124111,2,1510,SBM_2,0.26967155933380127
95,B124111,3,1371,ICCU_11kW,0.19747863709926605
95,B124111,4,1358,INNER_PTC_HV_JB,-0.06544236838817596
95,B124111,5,1372,CCHR_FRNT11 / FRNT_CCHR12,-0.1745372861623764
95,B124111,6,1354,BMS_EXTN,-0.2551574409008026
95,B124111,7,1540,MAIN POWER,-0.6435213088989258
95,B124111,8,1402,TGAT_TGEX21 / TGEX_TGAT22,-0.741479218006134
95,B124111,9,1411,HP_PT_SNSR,-0.7436211109161377
95,B124111,10,1408,LP_PT_SNSR,-0.7451353669166565
97,B124513,1,1359,SBM_1,1.3891539573669434
97,B124513,2,1510,SBM_2,1.224595546722412
97,B124513,3,1371,ICCU_11kW,1.1275930404663086
97,B124513,4,1354,BMS_EXTN,0.9999780058860779
97,B124513,5,1358,INNER_PTC_HV_JB,0.860862135887146
97,B124513,6,1372,CCHR_FRNT11 / FRNT_CCHR12,0.8607205152511597
97,B124513,7,1353,INNER_PTC_FRNT,0.6465511918067932
97,B124513,8,1379,ACU_A,0.5399298071861267
97,B124513,9,1393,BATT_SNSR,0.5362101793289185
97,B124513,10,1352,MAIN_ROOF11 / ROOF_MAIN12,0.49935898184776306
98,B124611,1,1359,SBM_1,0.4004226326942444
98,B124611,2,1510,SBM_2,0.19273251295089722
98,B124611,3,1371,ICCU_11kW,0.13136820495128632
98,B124611,4,1358,INNER_PTC_HV_JB,-0.1473918855190277
98,B124611,5,1372,CCHR_FRNT11 / FRNT_CCHR12,-0.24468816816806793
98,B124611,6,1354,BMS_EXTN,-0.35151219367980957
98,B124611,7,1540,MAIN POWER,-0.727752685546875
98,B124611,8,1411,HP_PT_SNSR,-0.8047534227371216
98,B124611,9,1408,LP_PT_SNSR,-0.8073998689651489
98,B124611,10,1402,TGAT_TGEX21 / TGEX_TGAT22,-0.8147225379943848
99,B124913,1,1359,SBM_1,1.2006850242614746
99,B124913,2,1510,SBM_2,1.033478021621704
99,B124913,3,1371,ICCU_11kW,0.9628810286521912
99,B124913,4,1354,BMS_EXTN,0.7590433359146118
99,B124913,5,1372,CCHR_FRNT11 / FRNT_CCHR12,0.6833106875419617
99,B124913,6,1358,INNER_PTC_HV_JB,0.6572751998901367
99,B124913,7,1353,INNER_PTC_FRNT,0.4011096954345703
99,B124913,8,1379,ACU_A,0.3281741738319397
99,B124913,9,1393,BATT_SNSR,0.27943116426467896
99,B124913,10,1374,FIS_DRV (RHD) / FIS_PASS (LHD),0.27804991602897644
100,B125011,1,1359,SBM_1,0.4622091054916382
100,B125011,2,1510,SBM_2,0.25492042303085327
100,B125011,3,1371,ICCU_11kW,0.18369363248348236
100,B125011,4,1358,INNER_PTC_HV_JB,-0.07994795590639114
100,B125011,5,1372,CCHR_FRNT11 / FRNT_CCHR12,-0.1888165920972824
100,B125011,6,1354,BMS_EXTN,-0.27368003129959106
100,B125011,7,1540,MAIN POWER,-0.6582338809967041
100,B125011,8,1411,HP_PT_SNSR,-0.7561048269271851
100,B125011,9,1402,TGAT_TGEX21 / TGEX_TGAT22,-0.7566355466842651
100,B125011,10,1408,LP_PT_SNSR,-0.757823646068573
102,B128313,1,1359,SBM_1,1.2732255458831787
102,B128313,2,1510,SBM_2,1.1062029600143433
102,B128313,3,1371,ICCU_11kW,1.0251682996749878
102,B128313,4,1354,BMS_EXTN,0.8514823913574219
102,B128313,5,1372,CCHR_FRNT11 / FRNT_CCHR12,0.7489666938781738
102,B128313,6,1358,INNER_PTC_HV_JB,0.7358554601669312
102,B128313,7,1353,INNER_PTC_FRNT,0.4939262270927429
102,B128313,8,1379,ACU_A,0.40743398666381836
102,B128313,9,1393,BATT_SNSR,0.3779236376285553
102,B128313,10,1374,FIS_DRV (RHD) / FIS_PASS (LHD),0.3582562208175659
103,B128411,1,1359,SBM_1,-0.6853243112564087
103,B128411,2,1371,ICCU_11kW,-0.8104771375656128
103,B128411,3,1510,SBM_2,-0.906051516532898
103,B128411,4,1372,CCHR_FRNT11 / FRNT_CCHR12,-1.2577197551727295
103,B128411,5,1358,INNER_PTC_HV_JB,-1.3229502439498901
103,B128411,6,1411,HP_PT_SNSR,-1.7068933248519897
103,B128411,7,1408,LP_PT_SNSR,-1.7254912853240967
103,B128411,8,1354,BMS_EXTN,-1.7418363094329834
103,B128411,9,1412,APS,-1.7424108982086182
103,B128411,10,1410,RTS,-1.7734920978546143
104,B128577,1,1359,SBM_1,0.4159325659275055
104,B128577,2,1371,ICCU_11kW,0.16926944255828857
104,B128577,3,1510,SBM_2,0.1633707582950592
104,B128577,4,1372,CCHR_FRNT11 / FRNT_CCHR12,-0.2730054259300232
104,B128577,5,1358,INNER_PTC_HV_JB,-0.27749720215797424
104,B128577,6,1354,BMS_EXTN,-0.46555444598197937
104,B128577,7,1402,TGAT_TGEX21 / TGEX_TGAT22,-0.9006873369216919
104,B128577,8,1411,HP_PT_SNSR,-0.9157456755638123
104,B128577,9,1408,LP_PT_SNSR,-0.918531060218811
104,B128577,10,1412,APS,-0.9478511214256287
105,B128611,1,1359,SBM_1,0.2274283617734909
105,B128611,2,1510,SBM_2,0.017062291502952576
105,B128611,3,1371,ICCU_11kW,-0.018149539828300476
105,B128611,4,1358,INNER_PTC_HV_JB,-0.3363214135169983
105,B128611,5,1372,CCHR_FRNT11 / FRNT_CCHR12,-0.4062938988208771
105,B128611,6,1354,BMS_EXTN,-0.5736895799636841
105,B128611,7,1540,MAIN POWER,-0.926705002784729
105,B128611,8,1411,HP_PT_SNSR,-0.9495534300804138
105,B128611,9,1408,LP_PT_SNSR,-0.954694926738739
105,B128611,10,1412,APS,-0.9779637455940247
106,B128713,1,1359,SBM_1,0.37046879529953003
106,B128713,2,1371,ICCU_11kW,0.2361365556716919
106,B128713,3,1510,SBM_2,0.1920320838689804
106,B128713,4,1372,CCHR_FRNT11 / FRNT_CCHR12,-0.09957987070083618
106,B128713,5,1358,INNER_PTC_HV_JB,-0.23618394136428833
106,B128713,6,1354,BMS_EXTN,-0.3069640100002289
106,B128713,7,1411,HP_PT_SNSR,-0.5965055227279663
106,B128713,8,1408,LP_PT_SNSR,-0.6002875566482544
106,B128713,9,1402,TGAT_TGEX21 / TGEX_TGAT22,-0.6025176048278809
106,B128713,10,1379,ACU_A,-0.6148374080657959
107,B128811,1,1359,SBM_1,0.16507023572921753
107,B128811,2,1510,SBM_2,-0.04640574753284454
107,B128811,3,1371,ICCU_11kW,-0.0759236067533493
107,B128811,4,1358,INNER_PTC_HV_JB,-0.4019458293914795
107,B128811,5,1372,CCHR_FRNT11 / FRNT_CCHR12,-0.46930181980133057
107,B128811,6,1354,BMS_EXTN,-0.656660795211792
107,B128811,7,1540,MAIN POWER,-0.9963905811309814
107,B128811,8,1411,HP_PT_SNSR,-1.0075947046279907
107,B128811,9,1408,LP_PT_SNSR,-1.0136828422546387
107,B128811,10,1412,APS,-1.036559820175171
108,B128913,1,1359,SBM_1,0.31250786781311035
108,B128913,2,1371,ICCU_11kW,0.18971377611160278
108,B128913,3,1510,SBM_2,0.13451240956783295
108,B128913,4,1372,CCHR_FRNT11 / FRNT_CCHR12,-0.14745937287807465
108,B128913,5,1358,INNER_PTC_HV_JB,-0.2982166111469269
108,B128913,6,1354,BMS_EXTN,-0.37498581409454346
108,B128913,7,1411,HP_PT_SNSR,-0.6352963447570801
108,B128913,8,1408,LP_PT_SNSR,-0.6398924589157104
108,B128913,9,1402,TGAT_TGEX21 / TGEX_TGAT22,-0.6476602554321289
108,B128913,10,1412,APS,-0.6588873267173767
109,B12B411,1,1359,SBM_1,-0.6972474455833435
109,B12B411,2,1371,ICCU_11kW,-0.8258007764816284
109,B12B411,3,1510,SBM_2,-0.9190105199813843
109,B12B411,4,1372,CCHR_FRNT11 / FRNT_CCHR12,-1.2761868238449097
109,B12B411,5,1358,INNER_PTC_HV_JB,-1.3336355686187744
109,B12B411,6,1411,HP_PT_SNSR,-1.726830005645752
109,B12B411,7,1408,LP_PT_SNSR,-1.7456740140914917
109,B12B411,8,1354,BMS_EXTN,-1.7612814903259277
109,B12B411,9,1412,APS,-1.7625622749328613
109,B12B411,10,1410,RTS,-1.7938649654388428
111,B160388,1,1359,SBM_1,0.04356840252876282
111,B160388,2,1510,SBM_2,-0.21122446656227112
111,B160388,3,1371,ICCU_11kW,-0.2886890172958374
111,B160388,4,1358,INNER_PTC_HV_JB,-0.490026593208313
111,B160388,5,1372,CCHR_FRNT11 / FRNT_CCHR12,-0.755284309387207
111,B160388,6,1354,BMS_EXTN,-0.8963675498962402
111,B160388,7,1540,MAIN POWER,-1.202398657798767
111,B160388,8,1411,HP_PT_SNSR,-1.3338075876235962
111,B160388,9,1408,LP_PT_SNSR,-1.3395135402679443
111,B160388,10,1412,APS,-1.3676310777664185
112,B160C88,1,1359,SBM_1,1.0503013134002686
112,B160C88,2,1510,SBM_2,0.805105447769165
112,B160C88,3,1358,INNER_PTC_HV_JB,0.6035357117652893
112,B160C88,4,1371,ICCU_11kW,0.577670156955719
112,B160C88,5,1354,BMS_EXTN,0.3872992992401123
112,B160C88,6,1372,CCHR_FRNT11 / FRNT_CCHR12,0.17320895195007324
112,B160C88,7,1341,EPB_ACRT_RR,-0.007650516927242279
112,B160C88,8,1332,EPB_ACTR_RL,-0.008111447095870972
112,B160C88,9,1540,MAIN POWER,-0.06665641069412231
112,B160C88,10,1336,FLRS_MAIN11 / MAIN_FLRS12,-0.0870981514453888
113,B177788,1,1359,SBM_1,0.15420851111412048
113,B177788,2,1510,SBM_2,-0.11271920800209045
113,B177788,3,1371,ICCU_11kW,-0.21592563390731812
113,B177788,4,1358,INNER_PTC_HV_JB,-0.3520616292953491
113,B177788,5,1372,CCHR_FRNT11 / FRNT_CCHR12,-0.6934587955474854
113,B177788,6,1354,BMS_EXTN,-0.7518106698989868
113,B177788,7,1540,MAIN POWER,-1.0945050716400146
113,B177788,8,1402,TGAT_TGEX21 / TGEX_TGAT22,-1.2785675525665283
113,B177788,9,1411,HP_PT_SNSR,-1.2969497442245483
113,B177788,10,1408,LP_PT_SNSR,-1.3001072406768799
114,B181588,1,1359,SBM_1,1.0280981063842773
114,B181588,2,1510,SBM_2,0.7833439111709595
114,B181588,3,1358,INNER_PTC_HV_JB,0.5799099802970886
114,B181588,4,1371,ICCU_11kW,0.5593034029006958
114,B181588,5,1354,BMS_EXTN,0.3599521517753601
114,B181588,6,1372,CCHR_FRNT11 / FRNT_CCHR12,0.15432724356651306
114,B181588,7,1341,EPB_ACRT_RR,-0.044192925095558167
114,B181588,8,1332,EPB_ACTR_RL,-0.044679805636405945
114,B181588,9,1540,MAIN POWER,-0.08942124247550964
114,B181588,10,1336,FLRS_MAIN11 / MAIN_FLRS12,-0.12422215938568115
116,B182E88,1,1359,SBM_1,-0.06642216444015503
116,B182E88,2,1510,SBM_2,-0.3314867615699768
116,B182E88,3,1371,ICCU_11kW,-0.3761698603630066
116,B182E88,4,1358,INNER_PTC_HV_JB,-0.6702173948287964
116,B182E88,5,1372,CCHR_FRNT11 / FRNT_CCHR12,-0.8709566593170166
116,B182E88,6,1354,BMS_EXTN,-1.118649959564209
116,B182E88,7,1540,MAIN POWER,-1.4140815734863281
116,B182E88,8,1411,HP_PT_SNSR,-1.4773056507110596
116,B182E88,9,1408,LP_PT_SNSR,-1.4859684705734253
116,B182E88,10,1412,APS,-1.5142443180084229
117,B182F88,1,1359,SBM_1,0.06246790289878845
117,B182F88,2,1510,SBM_2,-0.2014959752559662
117,B182F88,3,1371,ICCU_11kW,-0.26535022258758545
117,B182F88,4,1358,INNER_PTC_HV_JB,-0.531132698059082
117,B182F88,5,1372,CCHR_FRNT11 / FRNT_CCHR12,-0.7524256706237793
117,B182F88,6,1354,BMS_EXTN,-0.9552403688430786
117,B182F88,7,1540,MAIN POWER,-1.2699763774871826
117,B182F88,8,1411,HP_PT_SNSR,-1.3725762367248535
117,B182F88,9,1408,LP_PT_SNSR,-1.37931227684021
117,B182F88,10,1412,APS,-1.4085705280303955
119,B183188,1,1359,SBM_1,-1.2211394309997559
119,B183188,2,1371,ICCU_11kW,-1.3643362522125244
119,B183188,3,1510,SBM_2,-1.4952189922332764
119,B183188,4,1358,INNER_PTC_HV_JB,-1.9215086698532104
119,B183188,5,1372,CCHR_FRNT11 / FRNT_CCHR12,-1.9249045848846436
119,B183188,6,1411,HP_PT_SNSR,-2.4028403759002686
119,B183188,7,1408,LP_PT_SNSR,-2.428483486175537
119,B183188,8,1412,APS,-2.4482877254486084
119,B183188,9,1410,RTS,-2.487582206726074
119,B183188,10,1354,BMS_EXTN,-2.580906629562378
120,B183288,1,1359,SBM_1,0.24070116877555847
120,B183288,2,1510,SBM_2,-0.02511519193649292
120,B183288,3,1371,ICCU_11kW,-0.14108607172966003
120,B183288,4,1358,INNER_PTC_HV_JB,-0.25873178243637085
120,B183288,5,1372,CCHR_FRNT11 / FRNT_CCHR12,-0.6127225160598755
120,B183288,6,1354,BMS_EXTN,-0.6425098180770874
120,B183288,7,1540,MAIN POWER,-0.9967475533485413
120,B183288,8,1402,TGAT_TGEX21 / TGEX_TGAT22,-1.1943285465240479
120,B183288,9,1411,HP_PT_SNSR,-1.2251306772232056
120,B183288,10,1408,LP_PT_SNSR,-1.2270199060440063
121,B183388,1,1359,SBM_1,0.2321910262107849
121,B183388,2,1510,SBM_2,-0.03374922275543213
121,B183388,3,1371,ICCU_11kW,-0.147648423910141
121,B183388,4,1358,INNER_PTC_HV_JB,-0.26792028546333313
121,B183388,5,1372,CCHR_FRNT11 / FRNT_CCHR12,-0.6198972463607788
121,B183388,6,1354,BMS_EXTN,-0.651822030544281
121,B183388,7,1540,MAIN POWER,-1.0064053535461426
121,B183388,8,1402,TGAT_TGEX21 / TGEX_TGAT22,-1.200002670288086
121,B183388,9,1411,HP_PT_SNSR,-1.2310155630111694
121,B183388,10,1408,LP_PT_SNSR,-1.2330049276351929
122,B183488,1,1359,SBM_1,0.17674294114112854
122,B183488,2,1510,SBM_2,-0.08935093879699707
122,B183488,3,1371,ICCU_11kW,-0.1945001184940338
122,B183488,4,1358,INNER_PTC_HV_JB,-0.3278461694717407
122,B183488,5,1372,CCHR_FRNT11 / FRNT_CCHR12,-0.6695366501808167
122,B183488,6,1354,BMS_EXTN,-0.7210507392883301
122,B183488,7,1540,MAIN POWER,-1.0676171779632568
122,B183488,8,1402,TGAT_TGEX21 / TGEX_TGAT22,-1.251716136932373
122,B183488,9,1411,HP_PT_SNSR,-1.2740991115570068
122,B183488,10,1408,LP_PT_SNSR,-1.2769062519073486
123,B183588,1,1359,SBM_1,0.07520431280136108
123,B183588,2,1510,SBM_2,-0.18862736225128174
123,B183588,3,1371,ICCU_11kW,-0.2535581588745117
123,B183588,4,1358,INNER_PTC_HV_JB,-0.5173160433769226
123,B183588,5,1372,CCHR_FRNT11 / FRNT_CCHR12,-0.739720344543457
123,B183588,6,1354,BMS_EXTN,-0.9372689723968506
123,B183588,7,1540,MAIN POWER,-1.2555612325668335
123,B183588,8,1411,HP_PT_SNSR,-1.360883355140686
123,B183588,9,1408,LP_PT_SNSR,-1.3673955202102661
123,B183588,10,1412,APS,-1.396759033203125
124,B183688,1,1359,SBM_1,-1.25729501247406
124,B183688,2,1371,ICCU_11kW,-1.4007844924926758
124,B183688,3,1510,SBM_2,-1.5324807167053223
124,B183688,4,1358,INNER_PTC_HV_JB,-1.9576778411865234
124,B183688,5,1372,CCHR_FRNT11 / FRNT_CCHR12,-1.9662811756134033
124,B183688,6,1411,HP_PT_SNSR,-2.4424123764038086
124,B183688,7,1408,LP_PT_SNSR,-2.4686295986175537
124,B183688,8,1412,APS,-2.4881629943847656
124,B183688,9,1410,RTS,-2.527913808822632
124,B183688,10,1354,BMS_EXTN,-2.630953311920166
125,B183788,1,1359,SBM_1,0.25532764196395874
125,B183788,2,1510,SBM_2,0.008158057928085327
125,B183788,3,1371,ICCU_11kW,-0.07663044333457947
125,B183788,4,1358,INNER_PTC_HV_JB,-0.2816959619522095
125,B183788,5,1372,CCHR_FRNT11 / FRNT_CCHR12,-0.5250194072723389
125,B183788,6,1354,BMS_EXTN,-0.6320827007293701
125,B183788,7,1540,MAIN POWER,-0.9707662463188171
125,B183788,8,1411,HP_PT_SNSR,-1.1227586269378662
125,B183788,9,1408,LP_PT_SNSR,-1.1259591579437256
125,B183788,10,1402,TGAT_TGEX21 / TGEX_TGAT22,-1.1383061408996582
126,B183888,1,1359,SBM_1,0.36440157890319824
126,B183888,2,1510,SBM_2,0.11456409096717834
126,B183888,3,1371,ICCU_11kW,0.026428788900375366
126,B183888,4,1358,INNER_PTC_HV_JB,-0.192167729139328
126,B183888,5,1372,CCHR_FRNT11 / FRNT_CCHR12,-0.4201051890850067
126,B183888,6,1354,BMS_EXTN,-0.4960235357284546
126,B183888,7,1540,MAIN POWER,-0.887414813041687
126,B183888,8,1402,TGAT_TGEX21 / TGEX_TGAT22,-1.029932975769043
126,B183888,9,1411,HP_PT_SNSR,-1.040597677230835
126,B183888,10,1408,LP_PT_SNSR,-1.0424871444702148
127,B183988,1,1359,SBM_1,0.2229781448841095
127,B183988,2,1510,SBM_2,-0.028102457523345947
127,B183988,3,1371,ICCU_11kW,-0.09606409072875977
127,B183988,4,1358,INNER_PTC_HV_JB,-0.3445091247558594
127,B183988,5,1372,CCHR_FRNT11 / FRNT_CCHR12,-0.551322877407074
127,B183988,6,1354,BMS_EXTN,-0.6764463186264038
127,B183988,7,1540,MAIN POWER,-1.0453654527664185
127,B183988,8,1411,HP_PT_SNSR,-1.1569942235946655
127,B183988,9,1408,LP_PT_SNSR,-1.1609773635864258
127,B183988,10,1402,TGAT_TGEX21 / TGEX_TGAT22,-1.1690149307250977
128,B186C19,1,1359,SBM_1,0.6190146207809448
128,B186C19,2,1510,SBM_2,0.36813753843307495
128,B186C19,3,1371,ICCU_11kW,0.3465673625469208
128,B186C19,4,1358,INNER_PTC_HV_JB,-0.06115990877151489
128,B186C19,5,1372,CCHR_FRNT11 / FRNT_CCHR12,-0.08383265137672424
128,B186C19,6,1354,BMS_EXTN,-0.20763789117336273
128,B186C19,7,1402,TGAT_TGEX21 / TGEX_TGAT22,-0.7017827033996582
128,B186C19,8,1408,LP_PT_SNSR,-0.7491698861122131
128,B186C19,9,1411,HP_PT_SNSR,-0.749321460723877
128,B186C19,10,1540,MAIN POWER,-0.7586160898208618
130,B186E17,1,1359,SBM_1,-0.7836734652519226
130,B186E17,2,1371,ICCU_11kW,-0.9352200627326965
130,B186E17,3,1510,SBM_2,-1.0277466773986816
130,B186E17,4,1372,CCHR_FRNT11 / FRNT_CCHR12,-1.434444546699524
130,B186E17,5,1358,INNER_PTC_HV_JB,-1.4468908309936523
130,B186E17,6,1411,HP_PT_SNSR,-1.916125774383545
130,B186E17,7,1408,LP_PT_SNSR,-1.9363508224487305
130,B186E17,8,1412,APS,-1.9552925825119019
130,B186E17,9,1354,BMS_EXTN,-1.9640523195266724
130,B186E17,10,1410,RTS,-1.9893264770507812
131,B186F77,1,1359,SBM_1,0.5348911881446838
131,B186F77,2,1510,SBM_2,0.28335967659950256
131,B186F77,3,1371,ICCU_11kW,0.2695658206939697
131,B186F77,4,1358,INNER_PTC_HV_JB,-0.14898505806922913
131,B186F77,5,1372,CCHR_FRNT11 / FRNT_CCHR12,-0.16618165373802185
131,B186F77,6,1354,BMS_EXTN,-0.317107617855072
131,B186F77,7,1402,TGAT_TGEX21 / TGEX_TGAT22,-0.7913200855255127
131,B186F77,8,1411,HP_PT_SNSR,-0.8232735991477966
131,B186F77,9,1408,LP_PT_SNSR,-0.8244301080703735
131,B186F77,10,1540,MAIN POWER,-0.8495926856994629
132,B18784B,1,1359,SBM_1,0.6481680870056152
132,B18784B,2,1510,SBM_2,0.39863312244415283
132,B18784B,3,1371,ICCU_11kW,0.3721821904182434
132,B18784B,4,1358,INNER_PTC_HV_JB,-0.028194434940814972
132,B18784B,5,1372,CCHR_FRNT11 / FRNT_CCHR12,-0.05466306209564209
132,B18784B,6,1354,BMS_EXTN,-0.16884423792362213
132,B18784B,7,1402,TGAT_TGEX21 / TGEX_TGAT22,-0.6709188222885132
132,B18784B,8,1408,LP_PT_SNSR,-0.720941424369812
132,B18784B,9,1411,HP_PT_SNSR,-0.7214521765708923
132,B18784B,10,1540,MAIN POWER,-0.7215259671211243
133,B187A88,1,1359,SBM_1,0.21396484971046448
133,B187A88,2,1510,SBM_2,-0.06968173384666443
133,B187A88,3,1371,ICCU_11kW,-0.14905259013175964
133,B187A88,4,1358,INNER_PTC_HV_JB,-0.4097217321395874
133,B187A88,5,1372,CCHR_FRNT11 / FRNT_CCHR12,-0.6504746079444885
133,B187A88,6,1354,BMS_EXTN,-0.8103206157684326
133,B187A88,7,1540,MAIN POWER,-1.200132966041565
133,B187A88,8,1411,HP_PT_SNSR,-1.3224228620529175
133,B187A88,9,1408,LP_PT_SNSR,-1.3267765045166016
133,B187A88,10,1402,TGAT_TGEX21 / TGEX_TGAT22,-1.351682424545288
136,B240677,1,1359,SBM_1,-0.6306908130645752
136,B240677,2,1371,ICCU_11kW,-0.7351784706115723
136,B240677,3,1510,SBM_2,-0.8928453922271729
136,B240677,4,1372,CCHR_FRNT11 / FRNT_CCHR12,-1.2415610551834106
136,B240677,5,1358,INNER_PTC_HV_JB,-1.4079793691635132
136,B240677,6,1411,HP_PT_SNSR,-1.7725080251693726
136,B240677,7,1408,LP_PT_SNSR,-1.7907825708389282
136,B240677,8,1354,BMS_EXTN,-1.7993186712265015
136,B240677,9,1412,APS,-1.8124356269836426
136,B240677,10,1410,RTS,-1.847245693206787
137,B240877,1,1359,SBM_1,0.6312718391418457
137,B240877,2,1510,SBM_2,0.3811793029308319
137,B240877,3,1371,ICCU_11kW,0.3570338189601898
137,B240877,4,1358,INNER_PTC_HV_JB,-0.04826859384775162
137,B240877,5,1372,CCHR_FRNT11 / FRNT_CCHR12,-0.07194161415100098
137,B240877,6,1354,BMS_EXTN,-0.19361954927444458
137,B240877,7,1402,TGAT_TGEX21 / TGEX_TGAT22,-0.6913620233535767
137,B240877,8,1408,LP_PT_SNSR,-0.7379270792007446
137,B240877,9,1411,HP_PT_SNSR,-0.7381561994552612
137,B240877,10,1540,MAIN POWER,-0.7434817552566528
138,B240977,1,1359,SBM_1,0.7276055216789246
138,B240977,2,1510,SBM_2,0.4788822531700134
138,B240977,3,1371,ICCU_11kW,0.4423719644546509
138,B240977,4,1358,INNER_PTC_HV_JB,0.05543337017297745
138,B240977,5,1372,CCHR_FRNT11 / FRNT_CCHR12,0.020636260509490967
138,B240977,6,1354,BMS_EXTN,-0.06843538582324982
138,B240977,7,1402,TGAT_TGEX21 / TGEX_TGAT22,-0.5921392440795898
138,B240977,8,1540,MAIN POWER,-0.6344910860061646
138,B240977,9,1408,LP_PT_SNSR,-0.6530195474624634
138,B240977,10,1379,ACU_A,-0.653060793876648
141,P0A7E00,1,1359,SBM_1,-0.8258528709411621
141,P0A7E00,2,1510,SBM_2,-1.0672682523727417
141,P0A7E00,3,1358,INNER_PTC_HV_JB,-1.189650535583496
141,P0A7E00,4,1371,ICCU_11kW,-1.208550214767456
141,P0A7E00,5,1372,CCHR_FRNT11 / FRNT_CCHR12,-1.7078337669372559
141,P0A7E00,6,1540,MAIN POWER,-1.8749114274978638
141,P0A7E00,7,1354,BMS_EXTN,-2.0367093086242676
141,P0A7E00,8,1411,HP_PT_SNSR,-2.164663791656494
141,P0A7E00,9,1408,LP_PT_SNSR,-2.184865713119507
141,P0A7E00,10,1412,APS,-2.2036304473876953
142,P0AA600,1,1359,SBM_1,-0.9270758628845215
142,P0AA600,2,1510,SBM_2,-1.1703240871429443
142,P0AA600,3,1371,ICCU_11kW,-1.297967791557312
142,P0AA600,4,1358,INNER_PTC_HV_JB,-1.2993489503860474
142,P0AA600,5,1372,CCHR_FRNT11 / FRNT_CCHR12,-1.8048440217971802
142,P0AA600,6,1540,MAIN POWER,-1.9912056922912598
142,P0AA600,7,1354,BMS_EXTN,-2.1684062480926514
142,P0AA600,8,1411,HP_PT_SNSR,-2.2526111602783203
142,P0AA600,9,1408,LP_PT_SNSR,-2.274322509765625
142,P0AA600,10,1412,APS,-2.2924656867980957
143,P0AA700,1,1359,SBM_1,-1.1150078773498535
143,P0AA700,2,1510,SBM_2,-1.3608238697052002
143,P0AA700,3,1371,ICCU_11kW,-1.4629156589508057
143,P0AA700,4,1358,INNER_PTC_HV_JB,-1.5013388395309448
143,P0AA700,5,1372,CCHR_FRNT11 / FRNT_CCHR12,-1.9828335046768188
143,P0AA700,6,1540,MAIN POWER,-2.2030794620513916
143,P0AA700,7,1354,BMS_EXTN,-2.4100184440612793
143,P0AA700,8,1411,HP_PT_SNSR,-2.4121789932250977
143,P0AA700,9,1408,LP_PT_SNSR,-2.436624050140381
143,P0AA700,10,1412,APS,-2.45353364944458
144,P0ABF01,1,1359,SBM_1,-0.6370453834533691
144,P0ABF01,2,1510,SBM_2,-0.8425469398498535
144,P0ABF01,3,1371,ICCU_11kW,-0.9059634804725647
144,P0ABF01,4,1358,INNER_PTC_HV_JB,-1.1057919263839722
144,P0ABF01,5,1372,CCHR_FRNT11 / FRNT_CCHR12,-1.3396928310394287
144,P0ABF01,6,1540,MAIN POWER,-1.6938554048538208
144,P0ABF01,7,1354,BMS_EXTN,-1.7577228546142578
144,P0ABF01,8,1411,HP_PT_SNSR,-1.7799367904663086
144,P0ABF01,9,1408,LP_PT_SNSR,-1.7998201847076416
144,P0ABF01,10,1412,APS,-1.8143092393875122
145,P0B3B00,1,1359,SBM_1,-0.8848577737808228
145,P0B3B00,2,1510,SBM_2,-1.1274223327636719
145,P0B3B00,3,1358,INNER_PTC_HV_JB,-1.253804087638855
145,P0B3B00,4,1371,ICCU_11kW,-1.2611535787582397
145,P0B3B00,5,1372,CCHR_FRNT11 / FRNT_CCHR12,-1.7655792236328125
145,P0B3B00,6,1540,MAIN POWER,-1.9431833028793335
145,P0B3B00,7,1354,BMS_EXTN,-2.114210605621338
145,P0B3B00,8,1411,HP_PT_SNSR,-2.2178382873535156
145,P0B3B00,9,1408,LP_PT_SNSR,-2.238917827606201
145,P0B3B00,10,1412,APS,-2.2573230266571045
146,P0DE600,1,1359,SBM_1,-0.8614230155944824
146,P0DE600,2,1510,SBM_2,-1.1029279232025146
146,P0DE600,3,1358,INNER_PTC_HV_JB,-1.227391004562378
146,P0DE600,4,1371,ICCU_11kW,-1.2390985488891602
146,P0DE600,5,1372,CCHR_FRNT11 / FRNT_CCHR12,-1.7401411533355713
146,P0DE600,6,1540,MAIN POWER,-1.9134448766708374
146,P0DE600,7,1354,BMS_EXTN,-2.0812907218933105
146,P0DE600,8,1411,HP_PT_SNSR,-2.1927881240844727
146,P0DE600,9,1408,LP_PT_SNSR,-2.2135050296783447
146,P0DE600,10,1412,APS,-2.2319889068603516
147,P0DE700,1,1359,SBM_1,-0.867400050163269
147,P0DE700,2,1510,SBM_2,-1.109314203262329
147,P0DE700,3,1358,INNER_PTC_HV_JB,-1.2344577312469482
147,P0DE700,4,1371,ICCU_11kW,-1.2448393106460571
147,P0DE700,5,1372,CCHR_FRNT11 / FRNT_CCHR12,-1.7468225955963135
147,P0DE700,6,1540,MAIN POWER,-1.9217287302017212
147,P0DE700,7,1354,BMS_EXTN,-2.0902152061462402
147,P0DE700,8,1411,HP_PT_SNSR,-2.199456214904785
147,P0DE700,9,1408,LP_PT_SNSR,-2.2202725410461426
147,P0DE700,10,1412,APS,-2.2387495040893555
148,P146100,1,1359,SBM_1,-0.7543588876724243
148,P146100,2,1358,INNER_PTC_HV_JB,-1.0060126781463623
148,P146100,3,1510,SBM_2,-1.0285730361938477
148,P146100,4,1371,ICCU_11kW,-1.2497731447219849
148,P146100,5,1540,MAIN POWER,-1.7742784023284912
148,P146100,6,1372,CCHR_FRNT11 / FRNT_CCHR12,-1.7826380729675293
148,P146100,7,1354,BMS_EXTN,-1.9148743152618408
148,P146100,8,1341,EPB_ACRT_RR,-2.13801908493042
148,P146100,9,1332,EPB_ACTR_RL,-2.1409378051757812
148,P146100,10,1335,B_FLUID_SNSR,-2.237272024154663
149,P146300,1,1359,SBM_1,-0.7311938405036926
149,P146300,2,1358,INNER_PTC_HV_JB,-0.9814530611038208
149,P146300,3,1510,SBM_2,-1.0048844814300537
149,P146300,4,1371,ICCU_11kW,-1.2283769845962524
149,P146300,5,1540,MAIN POWER,-1.7479214668273926
149,P146300,6,1372,CCHR_FRNT11 / FRNT_CCHR12,-1.759247064590454
149,P146300,7,1354,BMS_EXTN,-1.8840758800506592
149,P146300,8,1341,EPB_ACRT_RR,-2.100106954574585
149,P146300,9,1332,EPB_ACTR_RL,-2.1029913425445557
149,P146300,10,1335,B_FLUID_SNSR,-2.203589916229248
150,P146500,1,1359,SBM_1,-0.870660662651062
150,P146500,2,1510,SBM_2,-1.140175461769104
150,P146500,3,1358,INNER_PTC_HV_JB,-1.2189711332321167
150,P146500,4,1371,ICCU_11kW,-1.3155591487884521
150,P146500,5,1372,CCHR_FRNT11 / FRNT_CCHR12,-1.8607087135314941
150,P146500,6,1540,MAIN POWER,-1.9800983667373657
150,P146500,7,1354,BMS_EXTN,-2.1476054191589355
150,P146500,8,1411,HP_PT_SNSR,-2.358546257019043
150,P146500,9,1408,LP_PT_SNSR,-2.3781886100769043
150,P146500,10,1412,APS,-2.4009358882904053
151,P146700,1,1359,SBM_1,-0.8667725324630737
151,P146700,2,1510,SBM_2,-1.1362165212631226
151,P146700,3,1358,INNER_PTC_HV_JB,-1.2143899202346802
151,P146700,4,1371,ICCU_11kW,-1.311959981918335
151,P146700,5,1372,CCHR_FRNT11 / FRNT_CCHR12,-1.8568180799484253
151,P146700,6,1540,MAIN POWER,-1.975232720375061
151,P146700,7,1354,BMS_EXTN,-2.1419878005981445
151,P146700,8,1411,HP_PT_SNSR,-2.35498046875
151,P146700,9,1408,LP_PT_SNSR,-2.3745644092559814
151,P146700,10,1412,APS,-2.3973212242126465
152,P146900,1,1359,SBM_1,-0.8739392757415771
152,P146900,2,1510,SBM_2,-1.1432702541351318
152,P146900,3,1358,INNER_PTC_HV_JB,-1.2214641571044922
152,P146900,4,1371,ICCU_11kW,-1.3178720474243164
152,P146900,5,1372,CCHR_FRNT11 / FRNT_CCHR12,-1.8626675605773926
152,P146900,6,1540,MAIN POWER,-1.9820905923843384
152,P146900,7,1354,BMS_EXTN,-2.149991750717163
152,P146900,8,1411,HP_PT_SNSR,-2.359354257583618
152,P146900,9,1408,LP_PT_SNSR,-2.3790221214294434
152,P146900,10,1412,APS,-2.4017174243927
153,P146A00,1,1359,SBM_1,-0.8099164962768555
153,P146A00,2,1510,SBM_2,-1.0785307884216309
153,P146A00,3,1358,INNER_PTC_HV_JB,-1.1535027027130127
153,P146A00,4,1371,ICCU_11kW,-1.262607455253601
153,P146A00,5,1372,CCHR_FRNT11 / FRNT_CCHR12,-1.8036473989486694
153,P146A00,6,1540,MAIN POWER,-1.9112385511398315
153,P146A00,7,1354,BMS_EXTN,-2.070352554321289
153,P146A00,8,1411,HP_PT_SNSR,-2.3075907230377197
153,P146A00,9,1408,LP_PT_SNSR,-2.326382875442505
153,P146A00,10,1412,APS,-2.349496364593506
155,P146D00,1,1359,SBM_1,-0.7253810167312622
155,P146D00,2,1358,INNER_PTC_HV_JB,-0.9746935367584229
155,P146D00,3,1510,SBM_2,-0.9992055892944336
155,P146D00,4,1371,ICCU_11kW,-1.2246005535125732
155,P146D00,5,1540,MAIN POWER,-1.7414441108703613
155,P146D00,6,1372,CCHR_FRNT11 / FRNT_CCHR12,-1.7555221319198608
155,P146D00,7,1354,BMS_EXTN,-1.8775360584259033
155,P146D00,8,1341,EPB_ACRT_RR,-2.0893304347991943
155,P146D00,9,1332,EPB_ACTR_RL,-2.0922069549560547
155,P146D00,10,1335,B_FLUID_SNSR,-2.195157289505005
156,P147000,1,1359,SBM_1,-0.7427983283996582
156,P147000,2,1358,INNER_PTC_HV_JB,-0.9930628538131714
156,P147000,3,1510,SBM_2,-1.016380786895752
156,P147000,4,1371,ICCU_11kW,-1.2387738227844238
156,P147000,5,1540,MAIN POWER,-1.7594250440597534
156,P147000,6,1372,CCHR_FRNT11 / FRNT_CCHR12,-1.7701209783554077
156,P147000,7,1354,BMS_EXTN,-1.8982782363891602
156,P147000,8,1341,EPB_ACRT_RR,-2.117027759552002
156,P147000,9,1332,EPB_ACTR_RL,-2.1199254989624023
156,P147000,10,1335,B_FLUID_SNSR,-2.2184078693389893
157,P147100,1,1359,SBM_1,-1.288238763809204
157,P147100,2,1510,SBM_2,-1.562540054321289
157,P147100,3,1358,INNER_PTC_HV_JB,-1.6695926189422607
157,P147100,4,1371,ICCU_11kW,-1.6785576343536377
157,P147100,5,1372,CCHR_FRNT11 / FRNT_CCHR12,-2.2506470680236816
157,P147100,6,1540,MAIN POWER,-2.4503231048583984
157,P147100,7,1354,BMS_EXTN,-2.68190336227417
157,P147100,8,1411,HP_PT_SNSR,-2.705981492996216
157,P147100,9,1408,LP_PT_SNSR,-2.731706142425537
157,P147100,10,1412,APS,-2.7515792846679688
158,P1A6F00,1,1359,SBM_1,-0.545824408531189
158,P1A6F00,2,1510,SBM_2,-0.8032944202423096
158,P1A6F00,3,1358,INNER_PTC_HV_JB,-0.8532087802886963
158,P1A6F00,4,1371,ICCU_11kW,-1.0100343227386475
158,P1A6F00,5,1372,CCHR_FRNT11 / FRNT_CCHR12,-1.5157132148742676
158,P1A6F00,6,1540,MAIN POWER,-1.5757784843444824
158,P1A6F00,7,1354,BMS_EXTN,-1.6685471534729004
158,P1A6F00,8,1341,EPB_ACRT_RR,-1.960199236869812
158,P1A6F00,9,1332,EPB_ACTR_RL,-1.9629101753234863
158,P1A6F00,10,1411,HP_PT_SNSR,-2.02107572555542
159,P1A7100,1,1359,SBM_1,-0.8593180775642395
159,P1A7100,2,1358,INNER_PTC_HV_JB,-1.120850682258606
159,P1A7100,3,1510,SBM_2,-1.134845495223999
159,P1A7100,4,1371,ICCU_11kW,-1.3391942977905273
159,P1A7100,5,1372,CCHR_FRNT11 / FRNT_CCHR12,-1.8784921169281006
159,P1A7100,6,1540,MAIN POWER,-1.8942893743515015
159,P1A7100,7,1354,BMS_EXTN,-2.047957420349121
159,P1A7100,8,1341,EPB_ACRT_RR,-2.3155574798583984
159,P1A7100,9,1332,EPB_ACTR_RL,-2.318614959716797
159,P1A7100,10,1411,HP_PT_SNSR,-2.3529670238494873
160,P1AA500,1,1359,SBM_1,-0.9330176115036011
160,P1AA500,2,1510,SBM_2,-1.2039308547973633
160,P1AA500,3,1358,INNER_PTC_HV_JB,-1.2860236167907715
160,P1AA500,4,1371,ICCU_11kW,-1.3699705600738525
160,P1AA500,5,1372,CCHR_FRNT11 / FRNT_CCHR12,-1.919956922531128
160,P1AA500,6,1540,MAIN POWER,-2.051841974258423
160,P1AA500,7,1354,BMS_EXTN,-2.2269961833953857
160,P1AA500,8,1411,HP_PT_SNSR,-2.4120383262634277
160,P1AA500,9,1408,LP_PT_SNSR,-2.4325332641601562
160,P1AA500,10,1412,APS,-2.4549801349639893
161,P1AA700,1,1359,SBM_1,-1.016133427619934
161,P1AA700,2,1510,SBM_2,-1.287131428718567
161,P1AA700,3,1358,INNER_PTC_HV_JB,-1.3759076595306396
161,P1AA700,4,1371,ICCU_11kW,-1.4410614967346191
161,P1AA700,5,1372,CCHR_FRNT11 / FRNT_CCHR12,-1.9949605464935303
161,P1AA700,6,1540,MAIN POWER,-2.1433229446411133
161,P1AA700,7,1354,BMS_EXTN,-2.332119941711426
161,P1AA700,8,1411,HP_PT_SNSR,-2.4771132469177246
161,P1AA700,9,1408,LP_PT_SNSR,-2.4988338947296143
161,P1AA700,10,1412,APS,-2.5205726623535156
162,P1AA800,1,1359,SBM_1,-0.8238676190376282
162,P1AA800,2,1358,INNER_PTC_HV_JB,-1.0815805196762085
162,P1AA800,3,1510,SBM_2,-1.0985223054885864
162,P1AA800,4,1371,ICCU_11kW,-1.3081855773925781
162,P1AA800,5,1372,CCHR_FRNT11 / FRNT_CCHR12,-1.8446054458618164
162,P1AA800,6,1540,MAIN POWER,-1.8521318435668945
162,P1AA800,7,1354,BMS_EXTN,-2.0016632080078125
162,P1AA800,8,1341,EPB_ACRT_RR,-2.2542827129364014
162,P1AA800,9,1332,EPB_ACTR_RL,-2.2572884559631348
162,P1AA800,10,1411,HP_PT_SNSR,-2.321834087371826
163,P1AAB00,1,1359,SBM_1,-0.7741115093231201
163,P1AAB00,2,1358,INNER_PTC_HV_JB,-1.0276007652282715
163,P1AAB00,3,1510,SBM_2,-1.0481929779052734
163,P1AAB00,4,1371,ICCU_11kW,-1.2652376890182495
163,P1AAB00,5,1540,MAIN POWER,-1.7958073616027832
163,P1AAB00,6,1372,CCHR_FRNT11 / FRNT_CCHR12,-1.7987000942230225
163,P1AAB00,7,1354,BMS_EXTN,-1.9377388954162598
163,P1AAB00,8,1341,EPB_ACRT_RR,-2.170426368713379
163,P1AAB00,9,1332,EPB_ACTR_RL,-2.1733641624450684
163,P1AAB00,10,1335,B_FLUID_SNSR,-2.2640671730041504
164,P1AAC00,1,1359,SBM_1,-0.832768440246582
164,P1AAC00,2,1510,SBM_2,-1.1018116474151611
164,P1AAC00,3,1358,INNER_PTC_HV_JB,-1.1780529022216797
164,P1AAC00,4,1371,ICCU_11kW,-1.2824599742889404
164,P1AAC00,5,1372,CCHR_FRNT11 / FRNT_CCHR12,-1.8251068592071533
164,P1AAC00,6,1540,MAIN POWER,-1.9373068809509277
164,P1AAC00,7,1354,BMS_EXTN,-2.0986928939819336
164,P1AAC00,8,1411,HP_PT_SNSR,-2.3269429206848145
164,P1AAC00,9,1408,LP_PT_SNSR,-2.3460376262664795
164,P1AAC00,10,1412,APS,-2.369035243988037
165,P1AAD00,1,1359,SBM_1,-1.7792325019836426
165,P1AAD00,2,1510,SBM_2,-2.057203769683838
165,P1AAD00,3,1371,ICCU_11kW,-2.096552848815918
165,P1AAD00,4,1358,INNER_PTC_HV_JB,-2.199970245361328
165,P1AAD00,5,1372,CCHR_FRNT11 / FRNT_CCHR12,-2.695127010345459
165,P1AAD00,6,1540,MAIN POWER,-2.9981846809387207
165,P1AAD00,7,1411,HP_PT_SNSR,-3.093613386154175
165,P1AAD00,8,1408,LP_PT_SNSR,-3.1264209747314453
165,P1AAD00,9,1412,APS,-3.142754077911377
165,P1AAD00,10,1410,RTS,-3.186279296875
166,P1AAF00,1,1359,SBM_1,-0.6938156485557556
166,P1AAF00,2,1358,INNER_PTC_HV_JB,-0.9404614567756653
166,P1AAF00,3,1510,SBM_2,-0.9670731425285339
166,P1AAF00,4,1371,ICCU_11kW,-1.1964994668960571
166,P1AAF00,5,1540,MAIN POWER,-1.7051637172698975
166,P1AAF00,6,1372,CCHR_FRNT11 / FRNT_CCHR12,-1.7250375747680664
166,P1AAF00,7,1354,BMS_EXTN,-1.836306095123291
166,P1AAF00,8,1341,EPB_ACRT_RR,-2.0366532802581787
166,P1AAF00,9,1332,EPB_ACTR_RL,-2.0394859313964844
166,P1AAF00,10,1335,B_FLUID_SNSR,-2.1490302085876465
167,P1AD300,1,1359,SBM_1,-0.6349456310272217
167,P1AD300,2,1510,SBM_2,-0.8935304284095764
167,P1AD300,3,1358,INNER_PTC_HV_JB,-0.9492848515510559
167,P1AD300,4,1371,ICCU_11kW,-1.0878002643585205
167,P1AD300,5,1372,CCHR_FRNT11 / FRNT_CCHR12,-1.599226474761963
167,P1AD300,6,1540,MAIN POWER,-1.6762866973876953
167,P1AD300,7,1354,BMS_EXTN,-1.781853199005127
167,P1AD300,8,1411,HP_PT_SNSR,-2.0952231884002686
167,P1AD300,9,1341,EPB_ACRT_RR,-2.1068997383117676
167,P1AD300,10,1332,EPB_ACTR_RL,-2.1097233295440674
168,P1AD42E,1,1359,SBM_1,-1.2816342115402222
168,P1AD42E,2,1510,SBM_2,-1.5649901628494263
168,P1AD42E,3,1371,ICCU_11kW,-1.5829955339431763
168,P1AD42E,4,1358,INNER_PTC_HV_JB,-1.801766276359558
168,P1AD42E,5,1372,CCHR_FRNT11 / FRNT_CCHR12,-2.164494037628174
168,P1AD42E,6,1540,MAIN POWER,-2.610187530517578
168,P1AD42E,7,1411,HP_PT_SNSR,-2.6423091888427734
168,P1AD42E,8,1408,LP_PT_SNSR,-2.668588638305664
168,P1AD42E,9,1354,BMS_EXTN,-2.6791539192199707
168,P1AD42E,10,1412,APS,-2.6887073516845703
169,P1AD500,1,1359,SBM_1,-1.2699620723724365
169,P1AD500,2,1510,SBM_2,-1.5361881256103516
169,P1AD500,3,1358,INNER_PTC_HV_JB,-1.6304906606674194
169,P1AD500,4,1371,ICCU_11kW,-1.640550136566162
169,P1AD500,5,1372,CCHR_FRNT11 / FRNT_CCHR12,-2.1921441555023193
169,P1AD500,6,1540,MAIN POWER,-2.3879714012145996
169,P1AD500,7,1354,BMS_EXTN,-2.5897912979125977
169,P1AD500,8,1411,HP_PT_SNSR,-2.6218795776367188
169,P1AD500,9,1408,LP_PT_SNSR,-2.6466164588928223
169,P1AD500,10,1412,APS,-2.6658852100372314
170,P1AD600,1,1359,SBM_1,-0.7898779511451721
170,P1AD600,2,1510,SBM_2,-1.0515520572662354
170,P1AD600,3,1358,INNER_PTC_HV_JB,-1.115868091583252
170,P1AD600,4,1371,ICCU_11kW,-1.2247215509414673
170,P1AD600,5,1372,CCHR_FRNT11 / FRNT_CCHR12,-1.747804880142212
170,P1AD600,6,1540,MAIN POWER,-1.8536107540130615
170,P1AD600,7,1354,BMS_EXTN,-1.9818655252456665
170,P1AD600,8,1411,HP_PT_SNSR,-2.229862928390503
170,P1AD600,9,1408,LP_PT_SNSR,-2.247711658477783
170,P1AD600,10,1412,APS,-2.2702677249908447
171,P1B2500,1,1359,SBM_1,-0.8430829048156738
171,P1B2500,2,1510,SBM_2,-1.1119623184204102
171,P1B2500,3,1358,INNER_PTC_HV_JB,-1.187901258468628
171,P1B2500,4,1371,ICCU_11kW,-1.2914791107177734
171,P1B2500,5,1372,CCHR_FRNT11 / FRNT_CCHR12,-1.8342335224151611
171,P1B2500,6,1540,MAIN POWER,-1.9468088150024414
171,P1B2500,7,1354,BMS_EXTN,-2.1106417179107666
171,P1B2500,8,1411,HP_PT_SNSR,-2.333975315093994
171,P1B2500,9,1408,LP_PT_SNSR,-2.353189468383789
171,P1B2500,10,1412,APS,-2.376099109649658
172,P1B7600,1,1359,SBM_1,-1.0151517391204834
172,P1B7600,2,1510,SBM_2,-1.2859981060028076
172,P1B7600,3,1358,INNER_PTC_HV_JB,-1.372469425201416
172,P1B7600,4,1371,ICCU_11kW,-1.4410955905914307
172,P1B7600,5,1372,CCHR_FRNT11 / FRNT_CCHR12,-1.994712471961975
172,P1B7600,6,1540,MAIN POWER,-2.139413356781006
172,P1B7600,7,1354,BMS_EXTN,-2.3289694786071777
172,P1B7600,8,1411,HP_PT_SNSR,-2.4765918254852295
172,P1B7600,9,1408,LP_PT_SNSR,-2.498307228088379
172,P1B7600,10,1412,APS,-2.5200324058532715
173,P1B7700,1,1359,SBM_1,-0.7748182415962219
173,P1B7700,2,1358,INNER_PTC_HV_JB,-1.0281908512115479
173,P1B7700,3,1510,SBM_2,-1.0487844944000244
173,P1B7700,4,1371,ICCU_11kW,-1.2663110494613647
173,P1B7700,5,1540,MAIN POWER,-1.7961013317108154
173,P1B7700,6,1372,CCHR_FRNT11 / FRNT_CCHR12,-1.7996023893356323
173,P1B7700,7,1354,BMS_EXTN,-1.9394023418426514
173,P1B7700,8,1341,EPB_ACRT_RR,-2.171323776245117
173,P1B7700,9,1332,EPB_ACTR_RL,-2.174259662628174
173,P1B7700,10,1335,B_FLUID_SNSR,-2.2652714252471924
174,P1B9600,1,1359,SBM_1,-0.8361308574676514
174,P1B9600,2,1510,SBM_2,-1.1051020622253418
174,P1B9600,3,1358,INNER_PTC_HV_JB,-1.1805192232131958
174,P1B9600,4,1371,ICCU_11kW,-1.2859747409820557
174,P1B9600,5,1372,CCHR_FRNT11 / FRNT_CCHR12,-1.8286471366882324
174,P1B9600,6,1540,MAIN POWER,-1.9395935535430908
174,P1B9600,7,1354,BMS_EXTN,-2.1027722358703613
174,P1B9600,8,1411,HP_PT_SNSR,-2.329730749130249
174,P1B9600,9,1408,LP_PT_SNSR,-2.3488616943359375
174,P1B9600,10,1412,APS,-2.37182354927063
175,P1B9700,1,1359,SBM_1,-0.967050313949585
175,P1B9700,2,1510,SBM_2,-1.238046407699585
175,P1B9700,3,1358,INNER_PTC_HV_JB,-1.321099877357483
175,P1B9700,4,1371,ICCU_11kW,-1.4007898569107056
175,P1B9700,5,1372,CCHR_FRNT11 / FRNT_CCHR12,-1.952394962310791
175,P1B9700,6,1540,MAIN POWER,-2.087667226791382
175,P1B9700,7,1354,BMS_EXTN,-2.270277500152588
175,P1B9700,8,1411,HP_PT_SNSR,-2.4405109882354736
175,P1B9700,9,1408,LP_PT_SNSR,-2.461517810821533
175,P1B9700,10,1412,APS,-2.4836602210998535
176,P1BD000,1,1359,SBM_1,-0.7364647388458252
176,P1BD000,2,1510,SBM_2,-0.9894345998764038
176,P1BD000,3,1358,INNER_PTC_HV_JB,-1.0691356658935547
176,P1BD000,4,1371,ICCU_11kW,-1.1457470655441284
176,P1BD000,5,1372,CCHR_FRNT11 / FRNT_CCHR12,-1.6524966955184937
176,P1BD000,6,1540,MAIN POWER,-1.7826604843139648
176,P1BD000,7,1354,BMS_EXTN,-1.8934392929077148
176,P1BD000,8,1411,HP_PT_SNSR,-2.1202287673950195
176,P1BD000,9,1408,LP_PT_SNSR,-2.137258529663086
176,P1BD000,10,1412,APS,-2.158987045288086
177,P1BED00,1,1359,SBM_1,-0.9154819250106812
177,P1BED00,2,1510,SBM_2,-1.1854417324066162
177,P1BED00,3,1358,INNER_PTC_HV_JB,-1.266626238822937
177,P1BED00,4,1371,ICCU_11kW,-1.354544997215271
177,P1BED00,5,1372,CCHR_FRNT11 / FRNT_CCHR12,-1.9023228883743286
177,P1BED00,6,1540,MAIN POWER,-2.029636859893799
177,P1BED00,7,1354,BMS_EXTN,-2.2039358615875244
177,P1BED00,8,1411,HP_PT_SNSR,-2.3952059745788574
177,P1BED00,9,1408,LP_PT_SNSR,-2.4154884815216064
177,P1BED00,10,1412,APS,-2.4379100799560547
178,U000100,1,1359,SBM_1,-0.2343044877052307
178,U000100,2,1510,SBM_2,-0.4567449986934662
178,U000100,3,1358,INNER_PTC_HV_JB,-0.46361225843429565
178,U000100,4,1371,ICCU_11kW,-0.7002351880073547
178,U000100,5,1540,MAIN POWER,-1.085266351699829
178,U000100,6,1372,CCHR_FRNT11 / FRNT_CCHR12,-1.1317930221557617
178,U000100,7,1354,BMS_EXTN,-1.1720128059387207
178,U000100,8,1341,EPB_ACRT_RR,-1.27247154712677
178,U000100,9,1332,EPB_ACTR_RL,-1.27460515499115
178,U000100,10,1406,CC_EPB_ACTR_RR,-1.3748102188110352
179,U011000,1,1359,SBM_1,0.3179490566253662
179,U011000,2,1358,INNER_PTC_HV_JB,0.1346638947725296
179,U011000,3,1510,SBM_2,0.1032256931066513
179,U011000,4,1371,ICCU_11kW,-0.22082342207431793
179,U011000,5,1341,EPB_ACRT_RR,-0.3495906591415405
179,U011000,6,1332,EPB_ACTR_RL,-0.35098797082901
179,U011000,7,1406,CC_EPB_ACTR_RR,-0.44745367765426636
179,U011000,8,1540,MAIN POWER,-0.4573896527290344
179,U011000,9,1354,BMS_EXTN,-0.4645916819572449
179,U011000,10,1336,FLRS_MAIN11 / MAIN_FLRS12,-0.5006051063537598
180,U029300,1,1359,SBM_1,0.14502951502799988
180,U029300,2,1358,INNER_PTC_HV_JB,-0.052321553230285645
180,U029300,3,1510,SBM_2,-0.07221227884292603
180,U029300,4,1371,ICCU_11kW,-0.37214577198028564
180,U029300,5,1341,EPB_ACRT_RR,-0.6370143890380859
180,U029300,6,1332,EPB_ACTR_RL,-0.6386460661888123
180,U029300,7,1540,MAIN POWER,-0.6539548635482788
180,U029300,8,1354,BMS_EXTN,-0.6869957447052002
180,U029300,9,1406,CC_EPB_ACTR_RR,-0.7363401651382446
180,U029300,10,1372,CCHR_FRNT11 / FRNT_CCHR12,-0.7786308526992798
181,U041182,1,1359,SBM_1,0.5152726173400879
181,U041182,2,1510,SBM_2,0.31816405057907104
181,U041182,3,1358,INNER_PTC_HV_JB,0.20640622079372406
181,U041182,4,1371,ICCU_11kW,0.048779502511024475
181,U041182,5,1354,BMS_EXTN,-0.23292523622512817
181,U041182,6,1372,CCHR_FRNT11 / FRNT_CCHR12,-0.3062562644481659
181,U041182,7,1540,MAIN POWER,-0.33841001987457275
181,U041182,8,1341,EPB_ACRT_RR,-0.3591681122779846
181,U041182,9,1332,EPB_ACTR_RL,-0.36035463213920593
181,U041182,10,1406,CC_EPB_ACTR_RR,-0.44829997420310974
182,U059400,1,1359,SBM_1,0.33466383814811707
182,U059400,2,1358,INNER_PTC_HV_JB,0.15160968899726868
182,U059400,3,1510,SBM_2,0.11931698024272919
182,U059400,4,1371,ICCU_11kW,-0.20739546418190002
182,U059400,5,1341,EPB_ACRT_RR,-0.3254261314868927
182,U059400,6,1332,EPB_ACTR_RL,-0.3268086314201355
182,U059400,7,1406,CC_EPB_ACTR_RR,-0.4235422611236572
182,U059400,8,1540,MAIN POWER,-0.4419139325618744
182,U059400,9,1354,BMS_EXTN,-0.4457184076309204
182,U059400,10,1336,FLRS_MAIN11 / MAIN_FLRS12,-0.4762207269668579
183,U130E87,1,1359,SBM_1,0.8037320375442505
183,U130E87,2,1358,INNER_PTC_HV_JB,0.6532680988311768
183,U130E87,3,1510,SBM_2,0.5848995447158813
183,U130E87,4,1341,EPB_ACRT_RR,0.43941226601600647
183,U130E87,5,1332,EPB_ACTR_RL,0.43866485357284546
183,U130E87,6,1406,CC_EPB_ACTR_RR,0.3402499854564667
183,U130E87,7,1336,FLRS_MAIN11 / MAIN_FLRS12,0.2971370816230774
183,U130E87,8,1427,FRME_FLRS11 / FLRS_FRME12,0.2846730351448059
183,U130E87,9,1597,CC_EPB_ACTR_RL,0.2779782712459564
183,U130E87,10,1330,WHEEL_SNSR_FL,0.19165527820587158
184,U141582,1,1359,SBM_1,0.5487987995147705
184,U141582,2,1510,SBM_2,0.3228197693824768
184,U141582,3,1358,INNER_PTC_HV_JB,0.2598918676376343
184,U141582,4,1371,ICCU_11kW,0.006092458963394165
184,U141582,5,1354,BMS_EXTN,-0.24787811934947968
184,U141582,6,1341,EPB_ACRT_RR,-0.293967604637146
184,U141582,7,1332,EPB_ACTR_RL,-0.2951428294181824
184,U141582,8,1540,MAIN POWER,-0.3616706430912018
184,U141582,9,1372,CCHR_FRNT11 / FRNT_CCHR12,-0.39241960644721985
184,U141582,10,1406,CC_EPB_ACTR_RR,-0.39536044001579285
186,B100051,1,1359,SBM_1,0.9836464524269104
186,B100051,2,1358,INNER_PTC_HV_JB,0.8948943018913269
186,B100051,3,1341,EPB_ACRT_RR,0.8928253650665283
186,B100051,4,1332,EPB_ACTR_RL,0.8926644921302795
186,B100051,5,1406,CC_EPB_ACTR_RR,0.7863866090774536
186,B100051,6,1336,FLRS_MAIN11 / MAIN_FLRS12,0.7709921598434448
186,B100051,7,1510,SBM_2,0.7450445890426636
186,B100051,8,1427,FRME_FLRS11 / FLRS_FRME12,0.7277768850326538
186,B100051,9,1597,CC_EPB_ACTR_RL,0.7218988537788391
186,B100051,10,1330,WHEEL_SNSR_FL,0.6681587100028992
187,B124F00,1,1332,EPB_ACTR_RL,1.614445686340332
187,B124F00,2,1341,EPB_ACRT_RR,1.6142256259918213
187,B124F00,3,1406,CC_EPB_ACTR_RR,1.5179694890975952
187,B124F00,4,1427,FRME_FLRS11 / FLRS_FRME12,1.4673163890838623
187,B124F00,5,1336,FLRS_MAIN11 / MAIN_FLRS12,1.4638352394104004
187,B124F00,6,1597,CC_EPB_ACTR_RL,1.4627362489700317
187,B124F00,7,1330,WHEEL_SNSR_FL,1.3653919696807861
187,B124F00,8,1331,WHEEL_SNSR_FR,1.352051019668579
187,B124F00,9,1366,VPC_K,1.2824432849884033
187,B124F00,10,1358,INNER_PTC_HV_JB,1.2085998058319092
188,B160300,1,1332,EPB_ACTR_RL,2.5916473865509033
188,B160300,2,1341,EPB_ACRT_RR,2.5907235145568848
188,B160300,3,1406,CC_EPB_ACTR_RR,2.4956395626068115
188,B160300,4,1336,FLRS_MAIN11 / MAIN_FLRS12,2.452080488204956
188,B160300,5,1427,FRME_FLRS11 / FLRS_FRME12,2.4477624893188477
188,B160300,6,1597,CC_EPB_ACTR_RL,2.444765329360962
188,B160300,7,1330,WHEEL_SNSR_FL,2.3555946350097656
188,B160300,8,1331,WHEEL_SNSR_FR,2.3442978858947754
188,B160300,9,1366,VPC_K,2.236290454864502
188,B160300,10,1367,FRNT_FPEM11 / FPRM_FRNT12,2.124544620513916
191,C136887,1,1341,EPB_ACRT_RR,1.381523609161377
191,C136887,2,1332,EPB_ACTR_RL,1.3812694549560547
191,C136887,3,1406,CC_EPB_ACTR_RR,1.2777708768844604
191,C136887,4,1427,FRME_FLRS11 / FLRS_FRME12,1.2244781255722046
191,C136887,5,1597,CC_EPB_ACTR_RL,1.218543529510498
191,C136887,6,1336,FLRS_MAIN11 / MAIN_FLRS12,1.1735172271728516
191,C136887,7,1330,WHEEL_SNSR_FL,1.061208963394165
191,C136887,8,1331,WHEEL_SNSR_FR,1.0455756187438965
191,C136887,9,1366,VPC_K,1.0197699069976807
191,C136887,10,1358,INNER_PTC_HV_JB,0.8782802820205688
192,C136896,1,1341,EPB_ACRT_RR,0.4392052888870239
192,C136896,2,1332,EPB_ACTR_RL,0.43835294246673584
192,C136896,3,1358,INNER_PTC_HV_JB,0.3691288232803345
192,C136896,4,1406,CC_EPB_ACTR_RR,0.33879759907722473
192,C136896,5,1427,FRME_FLRS11 / FLRS_FRME12,0.2836189270019531
192,C136896,6,1597,CC_EPB_ACTR_RL,0.27660006284713745
192,C136896,7,1336,FLRS_MAIN11 / MAIN_FLRS12,0.2546520233154297
192,C136896,8,1359,SBM_1,0.24524745345115662
192,C136896,9,1330,WHEEL_SNSR_FL,0.1466432809829712
192,C136896,10,1331,WHEEL_SNSR_FR,0.12999311089515686
193,C136987,1,1332,EPB_ACTR_RL,1.8574814796447754
193,C136987,2,1341,EPB_ACRT_RR,1.8573495149612427
193,C136987,3,1406,CC_EPB_ACTR_RR,1.7553224563598633
193,C136987,4,1427,FRME_FLRS11 / FLRS_FRME12,1.7039049863815308
193,C136987,5,1597,CC_EPB_ACTR_RL,1.6988641023635864
193,C136987,6,1336,FLRS_MAIN11 / MAIN_FLRS12,1.659189224243164
193,C136987,7,1330,WHEEL_SNSR_FL,1.549533486366272
193,C136987,8,1331,WHEEL_SNSR_FR,1.5351290702819824
193,C136987,9,1366,VPC_K,1.4869401454925537
193,C136987,10,1339,EBB,1.2979190349578857
194,C136996,1,1358,INNER_PTC_HV_JB,0.03597453236579895
194,C136996,2,1359,SBM_1,-0.06582970917224884
194,C136996,3,1341,EPB_ACRT_RR,-0.06945930421352386
194,C136996,4,1332,EPB_ACTR_RL,-0.07071807980537415
194,C136996,5,1406,CC_EPB_ACTR_RR,-0.17191895842552185
194,C136996,6,1427,FRME_FLRS11 / FLRS_FRME12,-0.2292189747095108
194,C136996,7,1597,CC_EPB_ACTR_RL,-0.23718398809432983
194,C136996,8,1336,FLRS_MAIN11 / MAIN_FLRS12,-0.2636578679084778
194,C136996,9,1510,SBM_2,-0.2935941219329834
194,C136996,10,1366,VPC_K,-0.37324094772338867
195,C137087,1,1332,EPB_ACTR_RL,1.7173163890838623
195,C137087,2,1341,EPB_ACRT_RR,1.7172996997833252
195,C137087,3,1406,CC_EPB_ACTR_RR,1.6145811080932617
195,C137087,4,1427,FRME_FLRS11 / FLRS_FRME12,1.5624679327011108
195,C137087,5,1597,CC_EPB_ACTR_RL,1.5571515560150146
195,C137087,6,1336,FLRS_MAIN11 / MAIN_FLRS12,1.5156970024108887
195,C137087,7,1330,WHEEL_SNSR_FL,1.4049835205078125
195,C137087,8,1331,WHEEL_SNSR_FR,1.3901793956756592
195,C137087,9,1366,VPC_K,1.348587989807129
195,C137087,10,1339,EBB,1.1616531610488892
196,C137096,1,1341,EPB_ACRT_RR,0.4538305997848511
196,C137096,2,1332,EPB_ACTR_RL,0.4529845714569092
196,C137096,3,1358,INNER_PTC_HV_JB,0.3782777488231659
196,C137096,4,1406,CC_EPB_ACTR_RR,0.35335874557495117
196,C137096,5,1427,FRME_FLRS11 / FLRS_FRME12,0.2981630563735962
196,C137096,6,1597,CC_EPB_ACTR_RL,0.2911601662635803
196,C137096,7,1336,FLRS_MAIN11 / MAIN_FLRS12,0.2694292962551117
196,C137096,8,1359,SBM_1,0.25337180495262146
196,C137096,9,1330,WHEEL_SNSR_FL,0.16140830516815186
196,C137096,10,1331,WHEEL_SNSR_FR,0.14477095007896423
197,C137187,1,1332,EPB_ACTR_RL,1.7796380519866943
197,C137187,2,1341,EPB_ACRT_RR,1.779571771621704
197,C137187,3,1406,CC_EPB_ACTR_RR,1.6772711277008057
197,C137187,4,1427,FRME_FLRS11 / FLRS_FRME12,1.625554084777832
197,C137187,5,1597,CC_EPB_ACTR_RL,1.620365858078003
197,C137187,6,1336,FLRS_MAIN11 / MAIN_FLRS12,1.57988703250885
197,C137187,7,1330,WHEEL_SNSR_FL,1.4698357582092285
197,C137187,8,1331,WHEEL_SNSR_FR,1.4552299976348877
197,C137187,9,1366,VPC_K,1.410561442375183
197,C137187,10,1339,EBB,1.2228889465332031
198,C137196,1,1341,EPB_ACRT_RR,0.24806523323059082
198,C137196,2,1332,EPB_ACTR_RL,0.24706071615219116
198,C137196,3,1358,INNER_PTC_HV_JB,0.24400532245635986
198,C137196,4,1406,CC_EPB_ACTR_RR,0.14673680067062378
198,C137196,5,1359,SBM_1,0.12887200713157654
198,C137196,6,1427,FRME_FLRS11 / FLRS_FRME12,0.09066522121429443
198,C137196,7,1597,CC_EPB_ACTR_RL,0.08328190445899963
198,C137196,8,1336,FLRS_MAIN11 / MAIN_FLRS12,0.05981147289276123
198,C137196,9,1330,WHEEL_SNSR_FL,-0.04928074777126312
198,C137196,10,1366,VPC_K,-0.06234058737754822
199,C137287,1,1332,EPB_ACTR_RL,1.8469334840774536
199,C137287,2,1341,EPB_ACRT_RR,1.846812129020691
199,C137287,3,1406,CC_EPB_ACTR_RR,1.744764804840088
199,C137287,4,1427,FRME_FLRS11 / FLRS_FRME12,1.6933174133300781
199,C137287,5,1597,CC_EPB_ACTR_RL,1.6882526874542236
199,C137287,6,1336,FLRS_MAIN11 / MAIN_FLRS12,1.648208498954773
199,C137287,7,1330,WHEEL_SNSR_FL,1.538451075553894
199,C137287,8,1331,WHEEL_SNSR_FR,1.5240119695663452
199,C137287,9,1366,VPC_K,1.4761455059051514
199,C137287,10,1339,EBB,1.2872378826141357
200,C137296,1,1341,EPB_ACRT_RR,0.36533188819885254
200,C137296,2,1332,EPB_ACTR_RL,0.36442121863365173
200,C137296,3,1358,INNER_PTC_HV_JB,0.31986162066459656
200,C137296,4,1406,CC_EPB_ACTR_RR,0.26470163464546204
200,C137296,5,1427,FRME_FLRS11 / FLRS_FRME12,0.20926886796951294
200,C137296,6,1597,CC_EPB_ACTR_RL,0.20211851596832275
200,C137296,7,1359,SBM_1,0.19817444682121277
200,C137296,8,1336,FLRS_MAIN11 / MAIN_FLRS12,0.17942208051681519
200,C137296,9,1330,WHEEL_SNSR_FL,0.0711510181427002
200,C137296,10,1331,WHEEL_SNSR_FR,0.05432628095149994
201,C137387,1,1341,EPB_ACRT_RR,1.5304069519042969
201,C137387,2,1332,EPB_ACTR_RL,1.530266284942627
201,C137387,3,1406,CC_EPB_ACTR_RR,1.4267041683197021
201,C137387,4,1427,FRME_FLRS11 / FLRS_FRME12,1.373723030090332
201,C137387,5,1597,CC_EPB_ACTR_RL,1.3680386543273926
201,C137387,6,1336,FLRS_MAIN11 / MAIN_FLRS12,1.325001835823059
201,C137387,7,1330,WHEEL_SNSR_FL,1.2131192684173584
201,C137387,8,1331,WHEEL_SNSR_FR,1.1977932453155518
201,C137387,9,1366,VPC_K,1.1645898818969727
201,C137387,10,1339,EBB,0.9810394644737244
202,C137396,1,1358,INNER_PTC_HV_JB,0.15710607171058655
202,C137396,2,1341,EPB_ACRT_RR,0.11502259969711304
202,C137396,3,1332,EPB_ACTR_RL,0.11390435695648193
202,C137396,4,1359,SBM_1,0.046667009592056274
202,C137396,5,1406,CC_EPB_ACTR_RR,0.012907922267913818
202,C137396,6,1427,FRME_FLRS11 / FLRS_FRME12,-0.043846458196640015
202,C137396,7,1597,CC_EPB_ACTR_RL,-0.05150434374809265
202,C137396,8,1336,FLRS_MAIN11 / MAIN_FLRS12,-0.0768234133720398
202,C137396,9,1510,SBM_2,-0.180744469165802
202,C137396,10,1330,WHEEL_SNSR_FL,-0.18703582882881165
203,C137487,1,1341,EPB_ACRT_RR,1.5333867073059082
203,C137487,2,1332,EPB_ACTR_RL,1.5332551002502441
203,C137487,3,1406,CC_EPB_ACTR_RR,1.4299378395080566
203,C137487,4,1427,FRME_FLRS11 / FLRS_FRME12,1.3770811557769775
203,C137487,5,1597,CC_EPB_ACTR_RL,1.3714182376861572
203,C137487,6,1336,FLRS_MAIN11 / MAIN_FLRS12,1.3282248973846436
203,C137487,7,1330,WHEEL_SNSR_FL,1.2166552543640137
203,C137487,8,1331,WHEEL_SNSR_FR,1.2013752460479736
203,C137487,9,1366,VPC_K,1.1682841777801514
203,C137487,10,1339,EBB,0.9848901033401489
204,C137496,1,1341,EPB_ACRT_RR,0.40370309352874756
204,C137496,2,1332,EPB_ACTR_RL,0.4028199315071106
204,C137496,3,1358,INNER_PTC_HV_JB,0.3451097011566162
204,C137496,4,1406,CC_EPB_ACTR_RR,0.30331170558929443
204,C137496,5,1427,FRME_FLRS11 / FLRS_FRME12,0.24810129404067993
204,C137496,6,1597,CC_EPB_ACTR_RL,0.2410275638103485
204,C137496,7,1359,SBM_1,0.22242045402526855
204,C137496,8,1336,FLRS_MAIN11 / MAIN_FLRS12,0.2187589406967163
204,C137496,9,1330,WHEEL_SNSR_FL,0.11078044772148132
204,C137496,10,1331,WHEEL_SNSR_FR,0.09406712651252747
205,C137587,1,1332,EPB_ACTR_RL,1.718752145767212
205,C137587,2,1341,EPB_ACRT_RR,1.7187347412109375
205,C137587,3,1406,CC_EPB_ACTR_RR,1.6156797409057617
205,C137587,4,1427,FRME_FLRS11 / FLRS_FRME12,1.5633790493011475
205,C137587,5,1597,CC_EPB_ACTR_RL,1.5580434799194336
205,C137587,6,1336,FLRS_MAIN11 / MAIN_FLRS12,1.517122745513916
205,C137587,7,1330,WHEEL_SNSR_FL,1.406190276145935
205,C137587,8,1331,WHEEL_SNSR_FR,1.3913390636444092
205,C137587,9,1366,VPC_K,1.3493282794952393
205,C137587,10,1339,EBB,1.1623914241790771
206,C137596,1,1341,EPB_ACRT_RR,0.2701084017753601
206,C137596,2,1332,EPB_ACTR_RL,0.2691161036491394
206,C137596,3,1358,INNER_PTC_HV_JB,0.2576346695423126
206,C137596,4,1406,CC_EPB_ACTR_RR,0.16904103755950928
206,C137596,5,1359,SBM_1,0.14092284440994263
206,C137596,6,1427,FRME_FLRS11 / FLRS_FRME12,0.11321824789047241
206,C137596,7,1597,CC_EPB_ACTR_RL,0.10588163137435913
206,C137596,8,1336,FLRS_MAIN11 / MAIN_FLRS12,0.0822078287601471
206,C137596,9,1330,WHEEL_SNSR_FL,-0.026687681674957275
206,C137596,10,1366,VPC_K,-0.04051905870437622
207,C161600,1,1341,EPB_ACRT_RR,0.7576731443405151
207,C161600,2,1332,EPB_ACTR_RL,0.7569080591201782
207,C161600,3,1406,CC_EPB_ACTR_RR,0.6503254771232605
207,C161600,4,1427,FRME_FLRS11 / FLRS_FRME12,0.5923405289649963
207,C161600,5,1597,CC_EPB_ACTR_RL,0.5851194858551025
207,C161600,6,1336,FLRS_MAIN11 / MAIN_FLRS12,0.5300264358520508
207,C161600,7,1358,INNER_PTC_HV_JB,0.4799976348876953
207,C161600,8,1330,WHEEL_SNSR_FL,0.41205963492393494
207,C161600,9,1366,VPC_K,0.4006011486053467
207,C161600,10,1331,WHEEL_SNSR_FR,0.3944661021232605
209,B160F00,1,1332,EPB_ACTR_RL,3.5642776489257812
209,B160F00,2,1341,EPB_ACRT_RR,3.562295436859131
209,B160F00,3,1406,CC_EPB_ACTR_RR,3.484312057495117
209,B160F00,4,1336,FLRS_MAIN11 / MAIN_FLRS12,3.4726662635803223
209,B160F00,5,1427,FRME_FLRS11 / FLRS_FRME12,3.4470808506011963
209,B160F00,6,1597,CC_EPB_ACTR_RL,3.447030544281006
209,B160F00,7,1330,WHEEL_SNSR_FL,3.397165060043335
209,B160F00,8,1331,WHEEL_SNSR_FR,3.390716552734375
209,B160F00,9,1366,VPC_K,3.2344985008239746
209,B160F00,10,1367,FRNT_FPEM11 / FPRM_FRNT12,3.1885485649108887
210,B166D00,1,1341,EPB_ACRT_RR,0.6679205298423767
210,B166D00,2,1332,EPB_ACTR_RL,0.6675226092338562
210,B166D00,3,1406,CC_EPB_ACTR_RR,0.5726473331451416
210,B166D00,4,1358,INNER_PTC_HV_JB,0.5333566665649414
210,B166D00,5,1427,FRME_FLRS11 / FLRS_FRME12,0.5206583738327026
210,B166D00,6,1597,CC_EPB_ACTR_RL,0.5148327946662903
210,B166D00,7,1336,FLRS_MAIN11 / MAIN_FLRS12,0.5123448371887207
210,B166D00,8,1330,WHEEL_SNSR_FL,0.4164171814918518
210,B166D00,9,1359,SBM_1,0.402497798204422
210,B166D00,10,1331,WHEEL_SNSR_FR,0.4016135334968567
211,B166E00,1,1332,EPB_ACTR_RL,2.0350894927978516
211,B166E00,2,1341,EPB_ACRT_RR,2.0343806743621826
211,B166E00,3,1406,CC_EPB_ACTR_RR,1.9437768459320068
211,B166E00,4,1336,FLRS_MAIN11 / MAIN_FLRS12,1.9056580066680908
211,B166E00,5,1427,FRME_FLRS11 / FLRS_FRME12,1.8969528675079346
211,B166E00,6,1597,CC_EPB_ACTR_RL,1.89364492893219
211,B166E00,7,1330,WHEEL_SNSR_FL,1.8166990280151367
211,B166E00,8,1331,WHEEL_SNSR_FR,1.8053274154663086
211,B166E00,9,1366,VPC_K,1.72232985496521
211,B166E00,10,1367,FRNT_FPEM11 / FPRM_FRNT12,1.6212971210479736
214,B16CD00,1,1332,EPB_ACTR_RL,1.9081233739852905
214,B16CD00,2,1341,EPB_ACRT_RR,1.907517910003662
214,B16CD00,3,1406,CC_EPB_ACTR_RR,1.8163129091262817
214,B16CD00,4,1336,FLRS_MAIN11 / MAIN_FLRS12,1.7759333848953247
214,B16CD00,5,1427,FRME_FLRS11 / FLRS_FRME12,1.7689141035079956
214,B16CD00,6,1597,CC_EPB_ACTR_RL,1.7653634548187256
214,B16CD00,7,1330,WHEEL_SNSR_FL,1.6861014366149902
214,B16CD00,8,1331,WHEEL_SNSR_FR,1.6743803024291992
214,B16CD00,9,1366,VPC_K,1.5971198081970215
214,B16CD00,10,1367,FRNT_FPEM11 / FPRM_FRNT12,1.4925907850265503
215,B18CF00,1,1341,EPB_ACRT_RR,0.48551613092422485
215,B18CF00,2,1332,EPB_ACTR_RL,0.4849884510040283
215,B18CF00,3,1358,INNER_PTC_HV_JB,0.4150860011577606
215,B18CF00,4,1406,CC_EPB_ACTR_RR,0.3894232511520386
215,B18CF00,5,1427,FRME_FLRS11 / FLRS_FRME12,0.33664941787719727
215,B18CF00,6,1597,CC_EPB_ACTR_RL,0.3304845094680786
215,B18CF00,7,1336,FLRS_MAIN11 / MAIN_FLRS12,0.32642459869384766
215,B18CF00,8,1359,SBM_1,0.2928239703178406
215,B18CF00,9,1330,WHEEL_SNSR_FL,0.22972193360328674
215,B18CF00,10,1331,WHEEL_SNSR_FR,0.2144441306591034
217,B18DA00,1,1341,EPB_ACRT_RR,0.6169110536575317
217,B18DA00,2,1332,EPB_ACTR_RL,0.6165005564689636
217,B18DA00,3,1406,CC_EPB_ACTR_RR,0.5214424133300781
217,B18DA00,4,1358,INNER_PTC_HV_JB,0.5071252584457397
217,B18DA00,5,1427,FRME_FLRS11 / FLRS_FRME12,0.46900975704193115
217,B18DA00,6,1597,CC_EPB_ACTR_RL,0.4631016254425049
217,B18DA00,7,1336,FLRS_MAIN11 / MAIN_FLRS12,0.4621448814868927
217,B18DA00,8,1359,SBM_1,0.3860606849193573
217,B18DA00,9,1330,WHEEL_SNSR_FL,0.3662777841091156
217,B18DA00,10,1331,WHEEL_SNSR_FR,0.3513467609882355
219,B16A800,1,1332,EPB_ACTR_RL,2.7112653255462646
219,B16A800,2,1341,EPB_ACRT_RR,2.7099950313568115
219,B16A800,3,1406,CC_EPB_ACTR_RR,2.622101068496704
219,B16A800,4,1336,FLRS_MAIN11 / MAIN_FLRS12,2.5953798294067383
219,B16A800,5,1427,FRME_FLRS11 / FLRS_FRME12,2.5781502723693848
219,B16A800,6,1597,CC_EPB_ACTR_RL,2.5761313438415527
219,B16A800,7,1330,WHEEL_SNSR_FL,2.510289430618286
219,B16A800,8,1331,WHEEL_SNSR_FR,2.500709056854248
219,B16A800,9,1366,VPC_K,2.387049674987793
219,B16A800,10,1367,FRNT_FPEM11 / FPRM_FRNT12,2.306185722351074
225,B16AF00,1,1332,EPB_ACTR_RL,2.4769842624664307
225,B16AF00,2,1341,EPB_ACRT_RR,2.4758894443511963
225,B16AF00,3,1406,CC_EPB_ACTR_RR,2.387047052383423
225,B16AF00,4,1336,FLRS_MAIN11 / MAIN_FLRS12,2.356240749359131
225,B16AF00,5,1427,FRME_FLRS11 / FLRS_FRME12,2.342042922973633
225,B16AF00,6,1597,CC_EPB_ACTR_RL,2.339592456817627
225,B16AF00,7,1330,WHEEL_SNSR_FL,2.2697367668151855
225,B16AF00,8,1331,WHEEL_SNSR_FR,2.2595410346984863
225,B16AF00,9,1366,VPC_K,2.1569700241088867
225,B16AF00,10,1367,FRNT_FPEM11 / FPRM_FRNT12,2.0688400268554688
226,B16BF00,1,1332,EPB_ACTR_RL,2.6856913566589355
226,B16BF00,2,1341,EPB_ACRT_RR,2.684434413909912
226,B16BF00,3,1406,CC_EPB_ACTR_RR,2.5967745780944824
226,B16BF00,4,1336,FLRS_MAIN11 / MAIN_FLRS12,2.5691442489624023
226,B16BF00,5,1427,FRME_FLRS11 / FLRS_FRME12,2.552795886993408
226,B16BF00,6,1597,CC_EPB_ACTR_RL,2.550750732421875
226,B16BF00,7,1330,WHEEL_SNSR_FL,2.4840707778930664
226,B16BF00,8,1331,WHEEL_SNSR_FR,2.4744648933410645
226,B16BF00,9,1366,VPC_K,2.3620500564575195
226,B16BF00,10,1367,FRNT_FPEM11 / FPRM_FRNT12,2.27998685836792
228,C112100,1,1358,INNER_PTC_HV_JB,-0.4304637908935547
228,C112100,2,1341,EPB_ACRT_RR,-0.5947549939155579
228,C112100,3,1332,EPB_ACTR_RL,-0.5968735814094543
228,C112100,4,1406,CC_EPB_ACTR_RR,-0.7170288562774658
228,C112100,5,1359,SBM_1,-0.7276732921600342
228,C112100,6,1427,FRME_FLRS11 / FLRS_FRME12,-0.7848758697509766
228,C112100,7,1597,CC_EPB_ACTR_RL,-0.7956308126449585
228,C112100,8,1336,FLRS_MAIN11 / MAIN_FLRS12,-0.8878039121627808
228,C112100,9,1366,VPC_K,-0.9766930937767029
228,C112100,10,1510,SBM_2,-0.9974486231803894
229,C112200,1,1341,EPB_ACRT_RR,0.12168383598327637
229,C112200,2,1332,EPB_ACTR_RL,0.12012314796447754
229,C112200,3,1358,INNER_PTC_HV_JB,0.04020091891288757
229,C112200,4,1406,CC_EPB_ACTR_RR,0.0019701719284057617
229,C112200,5,1427,FRME_FLRS11 / FLRS_FRME12,-0.0630125105381012
229,C112200,6,1597,CC_EPB_ACTR_RL,-0.0724557638168335
229,C112200,7,1336,FLRS_MAIN11 / MAIN_FLRS12,-0.15836021304130554
229,C112200,8,1366,VPC_K,-0.2753141522407532
229,C112200,9,1359,SBM_1,-0.2900499403476715
229,C112200,10,1330,WHEEL_SNSR_FL,-0.29337409138679504
230,C112300,1,1341,EPB_ACRT_RR,0.03075551986694336
230,C112300,2,1332,EPB_ACTR_RL,0.02912062406539917
230,C112300,3,1358,INNER_PTC_HV_JB,-0.01887717843055725
230,C112300,4,1406,CC_EPB_ACTR_RR,-0.0889577865600586
230,C112300,5,1427,FRME_FLRS11 / FLRS_FRME12,-0.15409547090530396
230,C112300,6,1597,CC_EPB_ACTR_RL,-0.16367948055267334
230,C112300,7,1336,FLRS_MAIN11 / MAIN_FLRS12,-0.24987339973449707
230,C112300,8,1359,SBM_1,-0.34373557567596436
230,C112300,9,1366,VPC_K,-0.363038033246994
230,C112300,10,1330,WHEEL_SNSR_FL,-0.3848671317100525
231,C112400,1,1341,EPB_ACRT_RR,0.1267770230770111
231,C112400,2,1332,EPB_ACTR_RL,0.12522423267364502
231,C112400,3,1358,INNER_PTC_HV_JB,0.042591392993927
231,C112400,4,1406,CC_EPB_ACTR_RR,0.007336527109146118
231,C112400,5,1427,FRME_FLRS11 / FLRS_FRME12,-0.05746680498123169
231,C112400,6,1597,CC_EPB_ACTR_RL,-0.0668785572052002
231,C112400,7,1336,FLRS_MAIN11 / MAIN_FLRS12,-0.15244877338409424
231,C112400,8,1366,VPC_K,-0.269382119178772
231,C112400,9,1330,WHEEL_SNSR_FL,-0.2871147096157074
231,C112400,10,1359,SBM_1,-0.28771546483039856
232,C112600,1,1358,INNER_PTC_HV_JB,-0.4184473752975464
232,C112600,2,1341,EPB_ACRT_RR,-0.6378210783004761
232,C112600,3,1332,EPB_ACTR_RL,-0.6400583386421204
232,C112600,4,1359,SBM_1,-0.6819373965263367
232,C112600,5,1406,CC_EPB_ACTR_RR,-0.7656372785568237
232,C112600,6,1427,FRME_FLRS11 / FLRS_FRME12,-0.8364365100860596
232,C112600,7,1597,CC_EPB_ACTR_RL,-0.8477041125297546
232,C112600,8,1336,FLRS_MAIN11 / MAIN_FLRS12,-0.9366755485534668
232,C112600,9,1510,SBM_2,-0.9630302786827087
232,C112600,10,1366,VPC_K,-1.032922387123108
233,C112700,1,1358,INNER_PTC_HV_JB,-0.3286069631576538
233,C112700,2,1341,EPB_ACRT_RR,-0.5027569532394409
233,C112700,3,1332,EPB_ACTR_RL,-0.5048755407333374
233,C112700,4,1359,SBM_1,-0.5966343879699707
233,C112700,5,1406,CC_EPB_ACTR_RR,-0.6296737194061279
233,C112700,6,1427,FRME_FLRS11 / FLRS_FRME12,-0.6997564435005188
233,C112700,7,1597,CC_EPB_ACTR_RL,-0.7107366323471069
233,C112700,8,1336,FLRS_MAIN11 / MAIN_FLRS12,-0.797890841960907
233,C112700,9,1510,SBM_2,-0.8761249780654907
233,C112700,10,1366,VPC_K,-0.899263858795166
235,C131200,1,1341,EPB_ACRT_RR,1.197389006614685
235,C131200,2,1332,EPB_ACTR_RL,1.1966116428375244
235,C131200,3,1406,CC_EPB_ACTR_RR,1.07989501953125
235,C131200,4,1427,FRME_FLRS11 / FLRS_FRME12,1.018444538116455
235,C131200,5,1597,CC_EPB_ACTR_RL,1.0108064413070679
235,C131200,6,1336,FLRS_MAIN11 / MAIN_FLRS12,0.9311808347702026
235,C131200,7,1330,WHEEL_SNSR_FL,0.7991324067115784
235,C131200,8,1331,WHEEL_SNSR_FR,0.7802517414093018
235,C131200,9,1366,VPC_K,0.7768250703811646
235,C131200,10,1358,INNER_PTC_HV_JB,0.711975634098053
236,C131300,1,1341,EPB_ACRT_RR,1.0271389484405518
236,C131300,2,1332,EPB_ACTR_RL,1.0262188911437988
236,C131300,3,1406,CC_EPB_ACTR_RR,0.9090121984481812
236,C131300,4,1427,FRME_FLRS11 / FLRS_FRME12,0.8468564748764038
236,C131300,5,1597,CC_EPB_ACTR_RL,0.8389005064964294
236,C131300,6,1336,FLRS_MAIN11 / MAIN_FLRS12,0.7579383254051208
236,C131300,7,1330,WHEEL_SNSR_FL,0.6250662207603455
236,C131300,8,1366,VPC_K,0.6103379726409912
236,C131300,9,1331,WHEEL_SNSR_FR,0.6057512760162354
236,C131300,10,1358,INNER_PTC_HV_JB,0.6015387773513794
237,C131400,1,1341,EPB_ACRT_RR,1.0713512897491455
237,C131400,2,1332,EPB_ACTR_RL,1.0704731941223145
237,C131400,3,1406,CC_EPB_ACTR_RR,0.9534745216369629
237,C131400,4,1427,FRME_FLRS11 / FLRS_FRME12,0.8915790915489197
237,C131400,5,1597,CC_EPB_ACTR_RL,0.8837140202522278
237,C131400,6,1336,FLRS_MAIN11 / MAIN_FLRS12,0.8029214143753052
237,C131400,7,1330,WHEEL_SNSR_FL,0.6703661680221558
237,C131400,8,1366,VPC_K,0.653749406337738
237,C131400,9,1331,WHEEL_SNSR_FR,0.6511831283569336
237,C131400,10,1358,INNER_PTC_HV_JB,0.62945157289505
238,C131500,1,1341,EPB_ACRT_RR,1.190173625946045
238,C131500,2,1332,EPB_ACTR_RL,1.1893858909606934
238,C131500,3,1406,CC_EPB_ACTR_RR,1.0726006031036377
238,C131500,4,1427,FRME_FLRS11 / FLRS_FRME12,1.0110673904418945
238,C131500,5,1597,CC_EPB_ACTR_RL,1.0034103393554688
238,C131500,6,1336,FLRS_MAIN11 / MAIN_FLRS12,0.9238852262496948
238,C131500,7,1330,WHEEL_SNSR_FL,0.7917901277542114
238,C131500,8,1331,WHEEL_SNSR_FR,0.772878885269165
238,C131500,9,1366,VPC_K,0.7695796489715576
238,C131500,10,1358,INNER_PTC_HV_JB,0.7078253626823425
239,C132200,1,1358,INNER_PTC_HV_JB,-0.7063256502151489
239,C132200,2,1359,SBM_1,-0.9898518323898315
239,C132200,3,1341,EPB_ACRT_RR,-1.011002540588379
239,C132200,4,1332,EPB_ACTR_RL,-1.0134631395339966
239,C132200,5,1406,CC_EPB_ACTR_RR,-1.1347711086273193
239,C132200,6,1427,FRME_FLRS11 / FLRS_FRME12,-1.2041597366333008
239,C132200,7,1597,CC_EPB_ACTR_RL,-1.2157058715820312
239,C132200,8,1510,SBM_2,-1.261793851852417
239,C132200,9,1336,FLRS_MAIN11 / MAIN_FLRS12,-1.3137266635894775
239,C132200,10,1366,VPC_K,-1.385833740234375
240,C132300,1,1358,INNER_PTC_HV_JB,-0.12463542819023132
240,C132300,2,1341,EPB_ACRT_RR,-0.12731194496154785
240,C132300,3,1332,EPB_ACTR_RL,-0.1290830373764038
240,C132300,4,1406,CC_EPB_ACTR_RR,-0.24810317158699036
240,C132300,5,1427,FRME_FLRS11 / FLRS_FRME12,-0.31408435106277466
240,C132300,6,1597,CC_EPB_ACTR_RL,-0.32401174306869507
240,C132300,7,1336,FLRS_MAIN11 / MAIN_FLRS12,-0.412915974855423
240,C132300,8,1359,SBM_1,-0.44549861550331116
240,C132300,9,1366,VPC_K,-0.5202772617340088
240,C132300,10,1330,WHEEL_SNSR_FL,-0.5494999885559082
241,C132400,1,1358,INNER_PTC_HV_JB,-0.9792163372039795
241,C132400,2,1359,SBM_1,-1.2380350828170776
241,C132400,3,1341,EPB_ACRT_RR,-1.4387125968933105
241,C132400,4,1332,EPB_ACTR_RL,-1.441521167755127
241,C132400,5,1510,SBM_2,-1.5146377086639404
241,C132400,6,1406,CC_EPB_ACTR_RR,-1.5651063919067383
241,C132400,7,1427,FRME_FLRS11 / FLRS_FRME12,-1.6366996765136719
241,C132400,8,1597,CC_EPB_ACTR_RL,-1.6490871906280518
241,C132400,9,1540,MAIN POWER,-1.7425687313079834
241,C132400,10,1336,FLRS_MAIN11 / MAIN_FLRS12,-1.749218225479126
242,C132500,1,1358,INNER_PTC_HV_JB,-0.4014320373535156
242,C132500,2,1341,EPB_ACRT_RR,-0.5448238849639893
242,C132500,3,1332,EPB_ACTR_RL,-0.546917200088501
242,C132500,4,1406,CC_EPB_ACTR_RR,-0.667493999004364
242,C132500,5,1359,SBM_1,-0.7075964212417603
242,C132500,6,1427,FRME_FLRS11 / FLRS_FRME12,-0.7352797985076904
242,C132500,7,1597,CC_EPB_ACTR_RL,-0.7459933757781982
242,C132500,8,1336,FLRS_MAIN11 / MAIN_FLRS12,-0.8398308157920837
242,C132500,9,1366,VPC_K,-0.9307442903518677
242,C132500,10,1510,SBM_2,-0.9781492948532104
243,C132700,1,1341,EPB_ACRT_RR,0.8713918924331665
243,C132700,2,1332,EPB_ACTR_RL,0.8703485727310181
243,C132700,3,1406,CC_EPB_ACTR_RR,0.7522532939910889
243,C132700,4,1427,FRME_FLRS11 / FLRS_FRME12,0.6892704963684082
243,C132700,5,1597,CC_EPB_ACTR_RL,0.6809930205345154
243,C132700,6,1336,FLRS_MAIN11 / MAIN_FLRS12,0.5979956984519958
243,C132700,7,1358,INNER_PTC_HV_JB,0.4980517625808716
243,C132700,8,1330,WHEEL_SNSR_FL,0.4637995958328247
243,C132700,9,1366,VPC_K,0.4561958312988281
243,C132700,10,1331,WHEEL_SNSR_FR,0.4440103769302368
244,C132800,1,1341,EPB_ACRT_RR,1.10855233669281
244,C132800,2,1332,EPB_ACTR_RL,1.1077029705047607
244,C132800,3,1406,CC_EPB_ACTR_RR,0.9904035925865173
244,C132800,4,1427,FRME_FLRS11 / FLRS_FRME12,0.9284348487854004
244,C132800,5,1597,CC_EPB_ACTR_RL,0.9206089973449707
244,C132800,6,1336,FLRS_MAIN11 / MAIN_FLRS12,0.8399016857147217
244,C132800,7,1330,WHEEL_SNSR_FL,0.7070416212081909
244,C132800,8,1366,VPC_K,0.6888991594314575
244,C132800,9,1331,WHEEL_SNSR_FR,0.6878774762153625
244,C132800,10,1358,INNER_PTC_HV_JB,0.6540919542312622
